Date,Name,Year,Letterboxd URI,Rating,Rewatch,Tags,Watched Date
9/21/2012,Lilya 4-ever,2002,https://letterboxd.com/tabula_rasta/film/lilya-4-ever/,3,,,8/15/2012
9/21/2012,The Bourne Legacy,2012,https://letterboxd.com/tabula_rasta/film/the-bourne-legacy/,2.5,,,8/16/2012
3/13/2013,Double Indemnity,1944,https://letterboxd.com/tabula_rasta/film/double-indemnity/1/,3.5,,,8/24/2012
9/21/2012,Die Hard,1988,https://letterboxd.com/tabula_rasta/film/die-hard/,4,Yes,,8/29/2012
9/21/2012,Kick-Ass,2010,https://letterboxd.com/tabula_rasta/film/kick-ass/,4.5,Yes,,8/31/2012
9/21/2012,Rubber,2010,https://letterboxd.com/tabula_rasta/film/rubber/,3,,,9/3/2012
9/21/2012,Blade Runner,1982,https://letterboxd.com/tabula_rasta/film/blade-runner/,4,,,9/4/2012
9/21/2012,Sunrise: A Song of Two Humans,1927,https://letterboxd.com/tabula_rasta/film/sunrise-a-song-of-two-humans/,4.5,,,9/5/2012
9/21/2012,The Avengers,2012,https://letterboxd.com/tabula_rasta/film/the-avengers-2012/,3,Yes,,9/7/2012
9/21/2012,Being John Malkovich,1999,https://letterboxd.com/tabula_rasta/film/being-john-malkovich/,5,,,9/8/2012
9/21/2012,A State of Mind,2004,https://letterboxd.com/tabula_rasta/film/a-state-of-mind/,4,,,9/10/2012
9/21/2012,The Maltese Falcon,1941,https://letterboxd.com/tabula_rasta/film/the-maltese-falcon-1941/,4,,,9/11/2012
9/21/2012,Casablanca,1942,https://letterboxd.com/tabula_rasta/film/casablanca/,5,Yes,,9/12/2012
9/21/2012,Notorious,1946,https://letterboxd.com/tabula_rasta/film/notorious/,5,Yes,,9/14/2012
9/21/2012,Blue Gold: World Water Wars,2008,https://letterboxd.com/tabula_rasta/film/blue-gold-world-water-wars/,3.5,,,9/17/2012
9/21/2012,Watchmen,2009,https://letterboxd.com/tabula_rasta/film/watchmen/,4.5,Yes,,9/17/2012
9/21/2012,Reservoir Dogs,1992,https://letterboxd.com/tabula_rasta/film/reservoir-dogs/1/,4.5,Yes,,9/18/2012
9/21/2012,Singin' in the Rain,1952,https://letterboxd.com/tabula_rasta/film/singin-in-the-rain/1/,5,,,9/19/2012
9/22/2012,Dredd,2012,https://letterboxd.com/tabula_rasta/film/dredd/,2,,,9/22/2012
9/24/2012,Drive,2011,https://letterboxd.com/tabula_rasta/film/drive-2011/,4,,,9/23/2012
9/25/2012,La Haine,1995,https://letterboxd.com/tabula_rasta/film/la-haine/,4.5,,,9/25/2012
9/26/2012,The Great Dictator,1940,https://letterboxd.com/tabula_rasta/film/the-great-dictator/,4.5,,,9/26/2012
9/28/2012,Wait Until Dark,1967,https://letterboxd.com/tabula_rasta/film/wait-until-dark/,4.5,Yes,,9/28/2012
9/29/2012,Looper,2012,https://letterboxd.com/tabula_rasta/film/looper/,4.5,,,9/29/2012
9/30/2012,The Night of the Hunter,1955,https://letterboxd.com/tabula_rasta/film/the-night-of-the-hunter/,4.5,,,9/30/2012
10/1/2012,Pulp Fiction,1994,https://letterboxd.com/tabula_rasta/film/pulp-fiction/,5,Yes,,10/1/2012
10/3/2012,Into the Abyss,2011,https://letterboxd.com/tabula_rasta/film/into-the-abyss/,3,,,10/2/2012
10/7/2012,The Fog of War,2003,https://letterboxd.com/tabula_rasta/film/the-fog-of-war/,4,,,10/5/2012
10/7/2012,Night and Fog,1956,https://letterboxd.com/tabula_rasta/film/night-and-fog/,4,,,10/5/2012
10/7/2012,Wanted,2008,https://letterboxd.com/tabula_rasta/film/wanted-2008/,2.5,,,10/5/2012
10/7/2012,The 39 Steps,1935,https://letterboxd.com/tabula_rasta/film/the-39-steps/,3.5,,,10/7/2012
10/7/2012,Fight Club,1999,https://letterboxd.com/tabula_rasta/film/fight-club/,4,Yes,,10/7/2012
10/9/2012,Exit Through the Gift Shop,2010,https://letterboxd.com/tabula_rasta/film/exit-through-the-gift-shop/,4.5,Yes,,10/9/2012
10/9/2012,Donnie Darko,2001,https://letterboxd.com/tabula_rasta/film/donnie-darko/,4.5,Yes,,10/9/2012
10/10/2012,The Lost Boys,1987,https://letterboxd.com/tabula_rasta/film/the-lost-boys/,2.5,,,10/9/2012
10/11/2012,Band of Outsiders,1964,https://letterboxd.com/tabula_rasta/film/band-of-outsiders/,4.5,,,10/11/2012
10/11/2012,Dr. Strangelove or: How I Learned to Stop Worrying and Love the Bomb,1964,https://letterboxd.com/tabula_rasta/film/dr-strangelove-or-how-i-learned-to-stop-worrying-and-love-the-bomb/,4.5,Yes,,10/11/2012
10/12/2012,Sinister,2012,https://letterboxd.com/tabula_rasta/film/sinister/,4,,,10/12/2012
10/13/2012,Black Swan,2010,https://letterboxd.com/tabula_rasta/film/black-swan/,4.5,,,10/12/2012
10/13/2012,Sweeney Todd: The Demon Barber of Fleet Street,2007,https://letterboxd.com/tabula_rasta/film/sweeney-todd-the-demon-barber-of-fleet-street-2007/,3.5,Yes,,10/13/2012
10/14/2012,Chungking Express,1994,https://letterboxd.com/tabula_rasta/film/chungking-express/,4,,,10/13/2012
10/16/2012,The Shining,1980,https://letterboxd.com/tabula_rasta/film/the-shining/,5,Yes,,10/14/2012
10/16/2012,Let the Right One In,2008,https://letterboxd.com/tabula_rasta/film/let-the-right-one-in/,5,,,10/15/2012
10/16/2012,The Weather Underground,2002,https://letterboxd.com/tabula_rasta/film/the-weather-underground/,4,,,10/15/2012
10/17/2012,Troll Hunter,2010,https://letterboxd.com/tabula_rasta/film/troll-hunter/,3,,,10/16/2012
10/18/2012,The Graduate,1967,https://letterboxd.com/tabula_rasta/film/the-graduate/,4.5,,,10/17/2012
10/19/2012,Shaun of the Dead,2004,https://letterboxd.com/tabula_rasta/film/shaun-of-the-dead/,4,,,10/18/2012
10/22/2012,Francophrenia,2012,https://letterboxd.com/tabula_rasta/film/francophrenia/,1.5,,,10/19/2012
10/22/2012,Saturday Morning Massacre,2012,https://letterboxd.com/tabula_rasta/film/saturday-morning-massacre/,2,,,10/19/2012
10/22/2012,Silver Linings Playbook,2012,https://letterboxd.com/tabula_rasta/film/silver-linings-playbook/,3.5,,,10/20/2012
10/22/2012,It's a Disaster,2012,https://letterboxd.com/tabula_rasta/film/its-a-disaster/,3.5,,,10/20/2012
10/24/2012,Carrie,1976,https://letterboxd.com/tabula_rasta/film/carrie-1976/,4,,,10/24/2012
10/25/2012,Taxi Driver,1976,https://letterboxd.com/tabula_rasta/film/taxi-driver/,5,,,10/24/2012
10/26/2012,The Rocky Horror Picture Show,1975,https://letterboxd.com/tabula_rasta/film/the-rocky-horror-picture-show/,3,,,10/25/2012
10/27/2012,A Fish Called Wanda,1988,https://letterboxd.com/tabula_rasta/film/a-fish-called-wanda/,3.5,,,10/26/2012
10/28/2012,Badlands,1973,https://letterboxd.com/tabula_rasta/film/badlands/,4.5,,,10/27/2012
10/28/2012,In Bruges,2008,https://letterboxd.com/tabula_rasta/film/in-bruges/,4,,,10/27/2012
10/29/2012,Sin City,2005,https://letterboxd.com/tabula_rasta/film/sin-city/1/,4,Yes,,10/28/2012
11/1/2012,American Beauty,1999,https://letterboxd.com/tabula_rasta/film/american-beauty/,4.5,,,10/31/2012
11/2/2012,American History X,1998,https://letterboxd.com/tabula_rasta/film/american-history-x/,4,,,11/1/2012
11/3/2012,Blow-Up,1966,https://letterboxd.com/tabula_rasta/film/blow-up/,,,,11/2/2012
11/4/2012,Yojimbo,1961,https://letterboxd.com/tabula_rasta/film/yojimbo/,4.5,,,11/3/2012
11/5/2012,Adaptation.,2002,https://letterboxd.com/tabula_rasta/film/adaptation/,5,,,11/5/2012
11/8/2012,Amélie,2001,https://letterboxd.com/tabula_rasta/film/amelie/,4.5,Yes,,11/7/2012
11/8/2012,The Avengers,2012,https://letterboxd.com/tabula_rasta/film/the-avengers-2012/1/,3.5,Yes,,11/7/2012
11/10/2012,The Dark Knight Rises,2012,https://letterboxd.com/tabula_rasta/film/the-dark-knight-rises/,3,Yes,,11/9/2012
11/12/2012,The Silence of the Lambs,1991,https://letterboxd.com/tabula_rasta/film/the-silence-of-the-lambs/,4.5,Yes,,11/12/2012
11/14/2012,The Lord of the Rings: The Fellowship of the Ring,2001,https://letterboxd.com/tabula_rasta/film/the-lord-of-the-rings-the-fellowship-of-the-ring/,4,Yes,,11/13/2012
11/15/2012,Eternal Sunshine of the Spotless Mind,2004,https://letterboxd.com/tabula_rasta/film/eternal-sunshine-of-the-spotless-mind/,4.5,Yes,,11/14/2012
11/16/2012,The Lord of the Rings: The Two Towers,2002,https://letterboxd.com/tabula_rasta/film/the-lord-of-the-rings-the-two-towers/,4.5,Yes,,11/15/2012
11/17/2012,Skyfall,2012,https://letterboxd.com/tabula_rasta/film/skyfall/,4,,,11/16/2012
11/22/2012,From Russia with Love,1963,https://letterboxd.com/tabula_rasta/film/from-russia-with-love/,4,,,11/21/2012
11/24/2012,The Thin Red Line,1998,https://letterboxd.com/tabula_rasta/film/the-thin-red-line/,4.5,,,11/22/2012
11/24/2012,Let Me In,2010,https://letterboxd.com/tabula_rasta/film/let-me-in/,4,,,11/23/2012
11/24/2012,Sanjuro,1962,https://letterboxd.com/tabula_rasta/film/sanjuro/,4,,,11/23/2012
11/24/2012,The Amazing Spider-Man,2012,https://letterboxd.com/tabula_rasta/film/the-amazing-spider-man/,2.5,,,11/24/2012
11/26/2012,The Bourne Identity,2002,https://letterboxd.com/tabula_rasta/film/the-bourne-identity-2002/,3.5,,,11/25/2012
11/26/2012,V for Vendetta,2005,https://letterboxd.com/tabula_rasta/film/v-for-vendetta/,4.5,Yes,,11/25/2012
11/29/2012,Shutter Island,2010,https://letterboxd.com/tabula_rasta/film/shutter-island/,4.5,,,11/28/2012
11/30/2012,The Lord of the Rings: The Return of the King,2003,https://letterboxd.com/tabula_rasta/film/the-lord-of-the-rings-the-return-of-the-king/,4.5,,,11/29/2012
12/1/2012,The Departed,2006,https://letterboxd.com/tabula_rasta/film/the-departed/,4,,,11/30/2012
12/2/2012,Kill Bill: Vol. 1,2003,https://letterboxd.com/tabula_rasta/film/kill-bill-vol-1/,4.5,Yes,,12/1/2012
12/2/2012,Kill Bill: Vol. 2,2004,https://letterboxd.com/tabula_rasta/film/kill-bill-vol-2/,4.5,Yes,,12/1/2012
12/3/2012,The Call of Cthulhu,2005,https://letterboxd.com/tabula_rasta/film/the-call-of-cthulhu/,4,,,12/2/2012
12/3/2012,Annie Hall,1977,https://letterboxd.com/tabula_rasta/film/annie-hall/,5,,,12/2/2012
12/3/2012,The Girl Who Leapt Through Time,2006,https://letterboxd.com/tabula_rasta/film/the-girl-who-leapt-through-time/,4,,,12/3/2012
12/5/2012,National Lampoon's Christmas Vacation,1989,https://letterboxd.com/tabula_rasta/film/national-lampoons-christmas-vacation/,2.5,,,12/4/2012
12/6/2012,Inception,2010,https://letterboxd.com/tabula_rasta/film/inception/,4,Yes,,12/5/2012
12/6/2012,The Evil Dead,1981,https://letterboxd.com/tabula_rasta/film/the-evil-dead/,2.5,,,12/5/2012
12/7/2012,Ninja Assassin,2009,https://letterboxd.com/tabula_rasta/film/ninja-assassin/,3.5,,,12/6/2012
12/8/2012,Little Miss Sunshine,2006,https://letterboxd.com/tabula_rasta/film/little-miss-sunshine/,5,Yes,,12/7/2012
12/9/2012,28 Days Later,2002,https://letterboxd.com/tabula_rasta/film/28-days-later/,3,Yes,,12/8/2012
12/10/2012,Gangs of New York,2002,https://letterboxd.com/tabula_rasta/film/gangs-of-new-york-2002/,3.5,,,12/9/2012
12/10/2012,Cape Fear,1991,https://letterboxd.com/tabula_rasta/film/cape-fear-1991/,5,,,12/9/2012
12/11/2012,Ran,1985,https://letterboxd.com/tabula_rasta/film/ran/,4.5,Yes,,12/11/2012
12/12/2012,The Proposition,2005,https://letterboxd.com/tabula_rasta/film/the-proposition-2005/,4,,,12/12/2012
12/14/2012,Magnolia,1999,https://letterboxd.com/tabula_rasta/film/magnolia/,5,,,12/13/2012
12/16/2012,Eraserhead,1977,https://letterboxd.com/tabula_rasta/film/eraserhead/,,,,12/15/2012
12/16/2012,Capote,2005,https://letterboxd.com/tabula_rasta/film/capote/,4.5,,,12/15/2012
12/17/2012,Iron Man,2008,https://letterboxd.com/tabula_rasta/film/iron-man-2008/,3.5,Yes,,12/16/2012
12/18/2012,The Road,2009,https://letterboxd.com/tabula_rasta/film/the-road/,4,,,12/17/2012
12/19/2012,The Hobbit: An Unexpected Journey,2012,https://letterboxd.com/tabula_rasta/film/the-hobbit-an-unexpected-journey/,3,,,12/18/2012
12/20/2012,The Terminator,1984,https://letterboxd.com/tabula_rasta/film/the-terminator/,3,,,12/19/2012
12/28/2012,Django Unchained,2012,https://letterboxd.com/tabula_rasta/film/django-unchained/,4.5,,,12/26/2012
12/28/2012,Lincoln,2012,https://letterboxd.com/tabula_rasta/film/lincoln/,3,,,12/27/2012
1/2/2013,Schindler's List,1993,https://letterboxd.com/tabula_rasta/film/schindlers-list/,5,,,12/28/2012
1/2/2013,Fargo,1996,https://letterboxd.com/tabula_rasta/film/fargo/,5,Yes,,12/30/2012
1/2/2013,Rear Window,1954,https://letterboxd.com/tabula_rasta/film/rear-window/,5,Yes,,12/31/2012
1/2/2013,Tristan & Isolde,2006,https://letterboxd.com/tabula_rasta/film/tristan-isolde-2006/,2,,,1/1/2013
1/4/2013,The Omen,1976,https://letterboxd.com/tabula_rasta/film/the-omen/,4.5,,,1/2/2013
1/4/2013,District 9,2009,https://letterboxd.com/tabula_rasta/film/district-9/,3.5,Yes,,1/3/2013
1/6/2013,Casino Royale,2006,https://letterboxd.com/tabula_rasta/film/casino-royale-2006/,3.5,Yes,,1/4/2013
1/6/2013,The Muppets,2011,https://letterboxd.com/tabula_rasta/film/the-muppets/,3.5,,,1/5/2013
1/7/2013,Les Misérables,2012,https://letterboxd.com/tabula_rasta/film/les-miserables-2012/,2.5,,,1/6/2013
1/8/2013,Let the Bullets Fly,2010,https://letterboxd.com/tabula_rasta/film/let-the-bullets-fly/,4,,,1/7/2013
1/9/2013,Micmacs,2009,https://letterboxd.com/tabula_rasta/film/micmacs/,4,,,1/8/2013
1/14/2013,Nosferatu,1922,https://letterboxd.com/tabula_rasta/film/nosferatu/,4.5,,,1/12/2013
1/15/2013,GoodFellas,1990,https://letterboxd.com/tabula_rasta/film/goodfellas/,3,,,1/14/2013
1/16/2013,Dreams,1990,https://letterboxd.com/tabula_rasta/film/dreams/,4,,,1/15/2013
1/17/2013,Come and See,1985,https://letterboxd.com/tabula_rasta/film/come-and-see/,5,,,1/16/2013
1/18/2013,It's a Wonderful Life,1946,https://letterboxd.com/tabula_rasta/film/its-a-wonderful-life/,4,Yes,,1/17/2013
1/19/2013,Seven Psychopaths,2012,https://letterboxd.com/tabula_rasta/film/seven-psychopaths/,4.5,,,1/18/2013
1/20/2013,Throne of Blood,1957,https://letterboxd.com/tabula_rasta/film/throne-of-blood/,4,,,1/19/2013
1/21/2013,Funny Games,2007,https://letterboxd.com/tabula_rasta/film/funny-games-2007/,2,,,1/20/2013
1/22/2013,A History of Violence,2005,https://letterboxd.com/tabula_rasta/film/a-history-of-violence/,3,,,1/21/2013
1/26/2013,Argo,2012,https://letterboxd.com/tabula_rasta/film/argo/,3.5,,,1/26/2013
1/28/2013,Bicycle Thieves,1948,https://letterboxd.com/tabula_rasta/film/bicycle-thieves/,5,,,1/27/2013
2/1/2013,Paperman,2012,https://letterboxd.com/tabula_rasta/film/paperman/,3.5,,,1/31/2013
2/1/2013,High Noon,1952,https://letterboxd.com/tabula_rasta/film/high-noon/,3.5,Yes,,1/31/2013
2/2/2013,There Will Be Blood,2007,https://letterboxd.com/tabula_rasta/film/there-will-be-blood/,4.5,Yes,,1/31/2013
2/2/2013,Surf Ninjas,1993,https://letterboxd.com/tabula_rasta/film/surf-ninjas/,3,,,2/1/2013
2/3/2013,Requiem for a Dream,2000,https://letterboxd.com/tabula_rasta/film/requiem-for-a-dream/,4,,,2/2/2013
2/3/2013,Harakiri,1962,https://letterboxd.com/tabula_rasta/film/harakiri/,5,,,2/2/2013
2/4/2013,Eyes Without a Face,1960,https://letterboxd.com/tabula_rasta/film/eyes-without-a-face/,4,,,2/4/2013
2/8/2013,Rashomon,1950,https://letterboxd.com/tabula_rasta/film/rashomon/,5,Yes,,2/7/2013
2/10/2013,Wreck-It Ralph,2012,https://letterboxd.com/tabula_rasta/film/wreck-it-ralph/,4,,,2/9/2013
2/10/2013,A Bittersweet Life,2005,https://letterboxd.com/tabula_rasta/film/a-bittersweet-life/,4,,,2/9/2013
2/11/2013,Rise of the Planet of the Apes,2011,https://letterboxd.com/tabula_rasta/film/rise-of-the-planet-of-the-apes/,2.5,,,2/9/2013
2/13/2013,A Fistful of Dollars,1964,https://letterboxd.com/tabula_rasta/film/a-fistful-of-dollars/,4.5,,,2/13/2013
2/15/2013,Rebel Without a Cause,1955,https://letterboxd.com/tabula_rasta/film/rebel-without-a-cause/,4,,,2/14/2013
2/16/2013,Three Colors: Blue,1993,https://letterboxd.com/tabula_rasta/film/three-colors-blue/,5,,,2/15/2013
2/17/2013,Down by Law,1986,https://letterboxd.com/tabula_rasta/film/down-by-law/,4,,,2/16/2013
2/17/2013,Adam and Dog,2012,https://letterboxd.com/tabula_rasta/film/adam-and-dog/,4,,,2/16/2013
2/17/2013,Modern Times,1936,https://letterboxd.com/tabula_rasta/film/modern-times/,4,,,2/16/2013
2/17/2013,Sword of the Beast,1965,https://letterboxd.com/tabula_rasta/film/sword-of-the-beast/,4,,,2/17/2013
2/21/2013,Scream,1996,https://letterboxd.com/tabula_rasta/film/scream/,3.5,,,2/20/2013
2/22/2013,Breathless,1960,https://letterboxd.com/tabula_rasta/film/breathless/,4,,,2/21/2013
2/23/2013,John Dies at the End,2012,https://letterboxd.com/tabula_rasta/film/john-dies-at-the-end/,2,,,2/22/2013
2/26/2013,Barton Fink,1991,https://letterboxd.com/tabula_rasta/film/barton-fink/,5,,,2/25/2013
3/1/2013,A Hard Day's Night,1964,https://letterboxd.com/tabula_rasta/film/a-hard-days-night/,3,,,2/28/2013
3/3/2013,Apocalypse Now,1979,https://letterboxd.com/tabula_rasta/film/apocalypse-now/,4.5,,,3/2/2013
3/5/2013,Boogie Nights,1997,https://letterboxd.com/tabula_rasta/film/boogie-nights/,4,,,3/4/2013
3/8/2013,Enter the Dragon,1973,https://letterboxd.com/tabula_rasta/film/enter-the-dragon/,3,,,3/6/2013
3/8/2013,Blow-Up,1966,https://letterboxd.com/tabula_rasta/film/blow-up/1/,4.5,Yes,,3/7/2013
3/9/2013,Smokin' Aces,2006,https://letterboxd.com/tabula_rasta/film/smokin-aces/,3,,,3/8/2013
3/10/2013,Before the Devil Knows You're Dead,2007,https://letterboxd.com/tabula_rasta/film/before-the-devil-knows-youre-dead/,4,,,3/9/2013
3/11/2013,After Hours,1985,https://letterboxd.com/tabula_rasta/film/after-hours/,4.5,,,3/10/2013
3/12/2013,The Master,2012,https://letterboxd.com/tabula_rasta/film/the-master-2012/,4.5,,,3/11/2013
3/13/2013,Near Dark,1987,https://letterboxd.com/tabula_rasta/film/near-dark/,2.5,,,3/12/2013
3/15/2013,The Conversation,1974,https://letterboxd.com/tabula_rasta/film/the-conversation/,4.5,,,3/14/2013
3/16/2013,13 Assassins,2010,https://letterboxd.com/tabula_rasta/film/13-assassins/,4,,,3/15/2013
3/17/2013,What's Eating Gilbert Grape,1993,https://letterboxd.com/tabula_rasta/film/whats-eating-gilbert-grape/,3,,,3/16/2013
3/17/2013,The Great Mouse Detective,1986,https://letterboxd.com/tabula_rasta/film/the-great-mouse-detective/,3.5,,,3/16/2013
3/17/2013,Hellraiser,1987,https://letterboxd.com/tabula_rasta/film/hellraiser/,3.5,,,3/16/2013
3/18/2013,Lost in Translation,2003,https://letterboxd.com/tabula_rasta/film/lost-in-translation/,3.5,,,3/17/2013
3/18/2013,Gosford Park,2001,https://letterboxd.com/tabula_rasta/film/gosford-park/,4,,,3/17/2013
3/19/2013,Safety Last!,1923,https://letterboxd.com/tabula_rasta/film/safety-last/,5,,,3/18/2013
3/19/2013,Fearless,2006,https://letterboxd.com/tabula_rasta/film/fearless-2006/,2.5,,,3/18/2013
3/19/2013,Funny Face,1957,https://letterboxd.com/tabula_rasta/film/funny-face/,4,,,3/18/2013
3/20/2013,Dead Man,1995,https://letterboxd.com/tabula_rasta/film/dead-man/,4,,,3/19/2013
3/21/2013,The Eagleman Stag,2011,https://letterboxd.com/tabula_rasta/film/the-eagleman-stag/,4.5,,,3/20/2013
3/21/2013,Black Hawk Down,2001,https://letterboxd.com/tabula_rasta/film/black-hawk-down/,3.5,,,3/20/2013
3/22/2013,Brick,2005,https://letterboxd.com/tabula_rasta/film/brick/,4,,,3/21/2013
3/22/2013,Hara-Kiri: Death of a Samurai,2011,https://letterboxd.com/tabula_rasta/film/hara-kiri-death-of-a-samurai/,4.5,,,3/22/2013
3/23/2013,The Hunt for Red October,1990,https://letterboxd.com/tabula_rasta/film/the-hunt-for-red-october/,4,,,3/22/2013
3/23/2013,Side by Side,2012,https://letterboxd.com/tabula_rasta/film/side-by-side-2012/,4,,,3/22/2013
3/24/2013,Cronos,1993,https://letterboxd.com/tabula_rasta/film/cronos/,4,,,3/23/2013
3/24/2013,Gun Crazy,1950,https://letterboxd.com/tabula_rasta/film/gun-crazy/,3,,,3/23/2013
3/25/2013,The Lord of the Rings: The Fellowship of the Ring,2001,https://letterboxd.com/tabula_rasta/film/the-lord-of-the-rings-the-fellowship-of-the-ring/1/,4,Yes,,3/24/2013
3/25/2013,Red Dragon,2002,https://letterboxd.com/tabula_rasta/film/red-dragon/,4,,,3/24/2013
3/26/2013,The Assassination of Jesse James by the Coward Robert Ford,2007,https://letterboxd.com/tabula_rasta/film/the-assassination-of-jesse-james-by-the-coward-robert-ford/,4,,,3/26/2013
3/27/2013,Evil Dead,2013,https://letterboxd.com/tabula_rasta/film/evil-dead/,4,,,3/27/2013
3/29/2013,Down by Law,1986,https://letterboxd.com/tabula_rasta/film/down-by-law/1/,4.5,Yes,,3/28/2013
3/29/2013,Permanent Vacation,1980,https://letterboxd.com/tabula_rasta/film/permanent-vacation/,3.5,,,3/29/2013
3/30/2013,Olympus Has Fallen,2013,https://letterboxd.com/tabula_rasta/film/olympus-has-fallen/,3,,,3/30/2013
3/31/2013,The A-Team,2010,https://letterboxd.com/tabula_rasta/film/the-a-team/,3,Yes,,3/30/2013
3/31/2013,Iron Man,2008,https://letterboxd.com/tabula_rasta/film/iron-man-2008/1/,3.5,Yes,,3/30/2013
4/1/2013,Fishing with John,1991,https://letterboxd.com/tabula_rasta/film/fishing-with-john/,4,,,4/1/2013
4/2/2013,Dr. No,1962,https://letterboxd.com/tabula_rasta/film/dr-no/,3.5,,,4/2/2013
4/3/2013,Destino,2003,https://letterboxd.com/tabula_rasta/film/destino/,4.5,,,4/3/2013
4/5/2013,Three Kings,1999,https://letterboxd.com/tabula_rasta/film/three-kings/,4.5,,,4/4/2013
4/6/2013,They Caught the Ferry,1948,https://letterboxd.com/tabula_rasta/film/they-caught-the-ferry/,3.5,,,4/5/2013
4/6/2013,From Russia with Love,1963,https://letterboxd.com/tabula_rasta/film/from-russia-with-love/1/,4,Yes,,4/6/2013
4/7/2013,The Croods,2013,https://letterboxd.com/tabula_rasta/film/the-croods/,3,,,4/6/2013
4/7/2013,Anchorman: The Legend of Ron Burgundy,2004,https://letterboxd.com/tabula_rasta/film/anchorman-the-legend-of-ron-burgundy/,4,,,4/7/2013
4/9/2013,The Last Temptation of Christ,1988,https://letterboxd.com/tabula_rasta/film/the-last-temptation-of-christ/,4.5,,,4/8/2013
4/11/2013,The Descent,2005,https://letterboxd.com/tabula_rasta/film/the-descent/,3.5,,,4/10/2013
4/12/2013,La Jetée,1962,https://letterboxd.com/tabula_rasta/film/la-jetee/,4.5,,,4/11/2013
4/12/2013,Elephant,1989,https://letterboxd.com/tabula_rasta/film/elephant/,2,,,4/11/2013
4/12/2013,Children of Heaven,1997,https://letterboxd.com/tabula_rasta/film/children-of-heaven/,4,,,4/11/2013
4/12/2013,Raising Arizona,1987,https://letterboxd.com/tabula_rasta/film/raising-arizona/,4,Yes,,4/11/2013
4/13/2013,Memories,1995,https://letterboxd.com/tabula_rasta/film/memories/,3.5,,,4/12/2013
4/13/2013,Team America: World Police,2004,https://letterboxd.com/tabula_rasta/film/team-america-world-police/,4,,,4/12/2013
4/13/2013,The Thing,1982,https://letterboxd.com/tabula_rasta/film/the-thing/,4,Yes,,4/13/2013
4/14/2013,Office Space,1999,https://letterboxd.com/tabula_rasta/film/office-space/,3.5,,,4/13/2013
4/14/2013,Louis C.K.: Oh My God,2013,https://letterboxd.com/tabula_rasta/film/louis-ck-oh-my-god/,4.5,,,4/13/2013
4/16/2013,Blinky™,2011,https://letterboxd.com/tabula_rasta/film/blinky/,3.5,,,4/15/2013
4/16/2013,The Man Who Knew Too Much,1956,https://letterboxd.com/tabula_rasta/film/the-man-who-knew-too-much-1956/,3,,,4/15/2013
4/17/2013,The Fear of God: 25 Years of The Exorcist,1998,https://letterboxd.com/tabula_rasta/film/the-fear-of-god-25-years-of-the-exorcist/,4,,,4/16/2013
4/19/2013,Love Exists,1960,https://letterboxd.com/tabula_rasta/film/love-exists/,4.5,,,4/18/2013
4/19/2013,City of God,2002,https://letterboxd.com/tabula_rasta/film/city-of-god/,4.5,,,4/18/2013
4/19/2013,Werner Herzog Eats His Shoe,1980,https://letterboxd.com/tabula_rasta/film/werner-herzog-eats-his-shoe/,4,,,4/18/2013
4/19/2013,Gates of Heaven,1978,https://letterboxd.com/tabula_rasta/film/gates-of-heaven/,4.5,,,4/18/2013
4/20/2013,Django Unchained,2012,https://letterboxd.com/tabula_rasta/film/django-unchained/1/,4.5,Yes,,4/19/2013
4/20/2013,Cops,1922,https://letterboxd.com/tabula_rasta/film/cops/,4,,,4/19/2013
4/23/2013,Four Lions,2010,https://letterboxd.com/tabula_rasta/film/four-lions/,4,,,4/22/2013
4/24/2013,Neighbours,1952,https://letterboxd.com/tabula_rasta/film/neighbours/,4,,,4/23/2013
4/24/2013,Jigoku,1960,https://letterboxd.com/tabula_rasta/film/jigoku/,3,,,4/23/2013
4/25/2013,House,1977,https://letterboxd.com/tabula_rasta/film/house/,3.5,,,4/24/2013
4/26/2013,Goldfinger,1964,https://letterboxd.com/tabula_rasta/film/goldfinger/,4,,,4/26/2013
4/27/2013,The Place Beyond the Pines,2012,https://letterboxd.com/tabula_rasta/film/the-place-beyond-the-pines/,3.5,,,4/26/2013
4/28/2013,The Room,2003,https://letterboxd.com/tabula_rasta/film/the-room/,0.5,Yes,,4/27/2013
4/29/2013,The General,1926,https://letterboxd.com/tabula_rasta/film/the-general/,4.5,,,4/28/2013
5/3/2013,Moonrise Kingdom,2012,https://letterboxd.com/tabula_rasta/film/moonrise-kingdom/,5,Yes,,5/1/2013
5/4/2013,Iron Man 3,2013,https://letterboxd.com/tabula_rasta/film/iron-man-3/,3.5,,,5/3/2013
5/5/2013,Ocean's Eleven,2001,https://letterboxd.com/tabula_rasta/film/oceans-eleven-2001/,3.5,,,5/4/2013
5/5/2013,The Cameraman,1928,https://letterboxd.com/tabula_rasta/film/the-cameraman/,4,,,5/4/2013
5/6/2013,There Once Was a Dog,1982,https://letterboxd.com/tabula_rasta/film/there-once-was-a-dog/,4,,,5/5/2013
5/6/2013,Ringu,1998,https://letterboxd.com/tabula_rasta/film/ringu/,3.5,,,5/5/2013
5/7/2013,Melancholia,2011,https://letterboxd.com/tabula_rasta/film/melancholia/,4.5,,,5/6/2013
5/10/2013,Holy Motors,2012,https://letterboxd.com/tabula_rasta/film/holy-motors/,4.5,,,5/9/2013
5/13/2013,The Secret World of Arrietty,2010,https://letterboxd.com/tabula_rasta/film/the-secret-world-of-arrietty/,3.5,,,5/11/2013
5/13/2013,John Q,2002,https://letterboxd.com/tabula_rasta/film/john-q/,2.5,,,5/11/2013
5/15/2013,The Expendables,2010,https://letterboxd.com/tabula_rasta/film/the-expendables/,2,,,5/12/2013
5/15/2013,Saving Private Ryan,1998,https://letterboxd.com/tabula_rasta/film/saving-private-ryan/,4,,,5/13/2013
5/15/2013,Ikiru,1952,https://letterboxd.com/tabula_rasta/film/ikiru/,4.5,,,5/14/2013
5/17/2013,Dogtooth,2009,https://letterboxd.com/tabula_rasta/film/dogtooth/,3.5,,,5/16/2013
5/17/2013,Zero Dark Thirty,2012,https://letterboxd.com/tabula_rasta/film/zero-dark-thirty/,4,,,5/16/2013
5/19/2013,Django Unchained,2012,https://letterboxd.com/tabula_rasta/film/django-unchained/2/,4.5,Yes,,5/17/2013
5/19/2013,There's Something About Mary,1998,https://letterboxd.com/tabula_rasta/film/theres-something-about-mary/,1.5,,,5/18/2013
5/19/2013,Dragon Ball Z: Lord Slug,1991,https://letterboxd.com/tabula_rasta/film/dragon-ball-z-lord-slug/,3.5,,,5/18/2013
5/19/2013,Tommy Boy,1995,https://letterboxd.com/tabula_rasta/film/tommy-boy/,3.5,,,5/18/2013
5/20/2013,Inglourious Basterds,2009,https://letterboxd.com/tabula_rasta/film/inglourious-basterds/,4.5,Yes,,5/19/2013
5/22/2013,Persona,1966,https://letterboxd.com/tabula_rasta/film/persona/,4.5,,,5/20/2013
5/22/2013,Lawless,2012,https://letterboxd.com/tabula_rasta/film/lawless/,3,,,5/20/2013
5/24/2013,Wings of Desire,1987,https://letterboxd.com/tabula_rasta/film/wings-of-desire/,5,,,5/22/2013
5/24/2013,Night on Earth,1991,https://letterboxd.com/tabula_rasta/film/night-on-earth/,4.5,,,5/23/2013
5/25/2013,Pitch Black,2000,https://letterboxd.com/tabula_rasta/film/pitch-black/,2,,,5/23/2013
5/25/2013,Billy Madison,1995,https://letterboxd.com/tabula_rasta/film/billy-madison/,1,,,5/24/2013
5/25/2013,Torn Curtain,1966,https://letterboxd.com/tabula_rasta/film/torn-curtain/,3.5,,,5/24/2013
5/26/2013,Epic,2013,https://letterboxd.com/tabula_rasta/film/epic/,3,,,5/25/2013
6/16/2013,Prometheus,2012,https://letterboxd.com/tabula_rasta/film/prometheus/,3.5,,,5/26/2013
5/28/2013,Wedding Crashers,2005,https://letterboxd.com/tabula_rasta/film/wedding-crashers/,2.5,,,5/27/2013
5/28/2013,Scarface,1983,https://letterboxd.com/tabula_rasta/film/scarface-1983/,4,,,5/27/2013
5/29/2013,Pina,2011,https://letterboxd.com/tabula_rasta/film/pina/,4,,,5/28/2013
6/2/2013,An American Tail,1986,https://letterboxd.com/tabula_rasta/film/an-american-tail/,3,Yes,,6/1/2013
6/4/2013,Manos: The Hands of Fate,1966,https://letterboxd.com/tabula_rasta/film/manos-the-hands-of-fate/,0.5,,,6/3/2013
6/5/2013,The Godfather: Part II,1974,https://letterboxd.com/tabula_rasta/film/the-godfather-part-ii/,4.5,,,6/4/2013
6/12/2013,Fantasia,1940,https://letterboxd.com/tabula_rasta/film/fantasia/,4,,,6/11/2013
6/13/2013,Jurassic Park,1993,https://letterboxd.com/tabula_rasta/film/jurassic-park/,4,Yes,,6/12/2013
6/17/2013,Man of Steel,2013,https://letterboxd.com/tabula_rasta/film/man-of-steel/,2,,,6/14/2013
6/20/2013,An Education,2009,https://letterboxd.com/tabula_rasta/film/an-education/,4,,,6/19/2013
6/22/2013,Punch-Drunk Love,2002,https://letterboxd.com/tabula_rasta/film/punch-drunk-love/,5,,,6/21/2013
6/23/2013,I Saw the Devil,2010,https://letterboxd.com/tabula_rasta/film/i-saw-the-devil/,4,,,6/22/2013
6/26/2013,Hugo,2011,https://letterboxd.com/tabula_rasta/film/hugo/,4.5,Yes,,6/25/2013
7/1/2013,City Lights,1931,https://letterboxd.com/tabula_rasta/film/city-lights/,4.5,,,6/30/2013
7/2/2013,Moonrise Kingdom,2012,https://letterboxd.com/tabula_rasta/film/moonrise-kingdom/1/,5,Yes,,6/30/2013
7/3/2013,The Wrong Trousers,1993,https://letterboxd.com/tabula_rasta/film/the-wrong-trousers/,4,Yes,,7/2/2013
7/4/2013,Magnolia,1999,https://letterboxd.com/tabula_rasta/film/magnolia/1/,5,Yes,,7/3/2013
7/8/2013,Paprika,2006,https://letterboxd.com/tabula_rasta/film/paprika-2006/,4,,,7/7/2013
7/15/2013,Pacific Rim,2013,https://letterboxd.com/tabula_rasta/film/pacific-rim/,3.5,,,7/14/2013
7/16/2013,Now You See Me,2013,https://letterboxd.com/tabula_rasta/film/now-you-see-me/,2,,,7/14/2013
7/27/2013,Valhalla Rising,2009,https://letterboxd.com/tabula_rasta/film/valhalla-rising/,3,,,7/26/2013
7/30/2013,The Wolverine,2013,https://letterboxd.com/tabula_rasta/film/the-wolverine/,3,,,7/28/2013
7/30/2013,Sucker Punch,2011,https://letterboxd.com/tabula_rasta/film/sucker-punch/,1.5,,,7/29/2013
7/31/2013,The Rules of the Game,1939,https://letterboxd.com/tabula_rasta/film/the-rules-of-the-game/,5,,,7/30/2013
8/1/2013,The Apartment,1960,https://letterboxd.com/tabula_rasta/film/the-apartment/,5,,,7/31/2013
8/6/2013,Hot Fuzz,2007,https://letterboxd.com/tabula_rasta/film/hot-fuzz/,4,,,8/5/2013
8/17/2013,Searching for Sugar Man,2012,https://letterboxd.com/tabula_rasta/film/searching-for-sugar-man/,4,,,8/14/2013
8/17/2013,The Big Sleep,1946,https://letterboxd.com/tabula_rasta/film/the-big-sleep/,4.5,,,8/14/2013
8/17/2013,A Knight's Tale,2001,https://letterboxd.com/tabula_rasta/film/a-knights-tale/,3,,,8/15/2013
8/17/2013,42,2013,https://letterboxd.com/tabula_rasta/film/42/,2.5,,,8/15/2013
8/17/2013,Dumb and Dumber,1994,https://letterboxd.com/tabula_rasta/film/dumb-and-dumber/,3.5,,,8/16/2013
8/18/2013,The Act of Killing,2012,https://letterboxd.com/tabula_rasta/film/the-act-of-killing/,5,,,8/16/2013
8/19/2013,Spook Sport,1940,https://letterboxd.com/tabula_rasta/film/spook-sport/,4.5,,,8/18/2013
8/21/2013,Synchromy,1971,https://letterboxd.com/tabula_rasta/film/synchromy/,4,,,8/20/2013
8/21/2013,Loops,1940,https://letterboxd.com/tabula_rasta/film/loops/,4,,,8/20/2013
8/22/2013,Fargo,1996,https://letterboxd.com/tabula_rasta/film/fargo/1/,5,Yes,,8/21/2013
8/25/2013,The World's End,2013,https://letterboxd.com/tabula_rasta/film/the-worlds-end/,4,,,8/24/2013
8/26/2013,My Neighbor Totoro,1988,https://letterboxd.com/tabula_rasta/film/my-neighbor-totoro/,5,Yes,,8/25/2013
8/28/2013,Spirited Away,2001,https://letterboxd.com/tabula_rasta/film/spirited-away/,5,Yes,,8/27/2013
8/29/2013,Howl's Moving Castle,2004,https://letterboxd.com/tabula_rasta/film/howls-moving-castle/,4,Yes,,8/28/2013
9/2/2013,Burn After Reading,2008,https://letterboxd.com/tabula_rasta/film/burn-after-reading/,4,,,9/1/2013
9/4/2013,It's a Bird,1930,https://letterboxd.com/tabula_rasta/film/its-a-bird/,4.5,,,9/3/2013
9/4/2013,"Pete Holmes: Nice Try, the Devil!",2013,https://letterboxd.com/tabula_rasta/film/pete-holmes-nice-try-the-devil/,4,,,9/3/2013
10/2/2013,Shaun of the Dead,2004,https://letterboxd.com/tabula_rasta/film/shaun-of-the-dead/1/,4,Yes,,9/8/2013
9/20/2013,You're Next,2011,https://letterboxd.com/tabula_rasta/film/youre-next/,2.5,,,9/13/2013
9/29/2013,Schindler's List,1993,https://letterboxd.com/tabula_rasta/film/schindlers-list/1/,5,Yes,,9/28/2013
10/2/2013,This Is the End,2013,https://letterboxd.com/tabula_rasta/film/this-is-the-end/,3.5,,,9/30/2013
10/5/2013,The Count of Monte Cristo,2002,https://letterboxd.com/tabula_rasta/film/the-count-of-monte-cristo-2002/,3.5,Yes,,10/2/2013
10/7/2013,V/H/S,2012,https://letterboxd.com/tabula_rasta/film/v-h-s/,1.5,,,10/5/2013
10/8/2013,Gravity,2013,https://letterboxd.com/tabula_rasta/film/gravity-2013/,3.5,,,10/6/2013
10/13/2013,Blue Jasmine,2013,https://letterboxd.com/tabula_rasta/film/blue-jasmine/,4,,,10/12/2013
10/14/2013,The Sting,1973,https://letterboxd.com/tabula_rasta/film/the-sting/,4,,,10/13/2013
10/18/2013,Country Music,2011,https://letterboxd.com/tabula_rasta/film/country-music-2011/,1,,,10/16/2013
10/18/2013,The Cat Piano,2009,https://letterboxd.com/tabula_rasta/film/the-cat-piano/,4,,,10/17/2013
10/19/2013,The Conjuring,2013,https://letterboxd.com/tabula_rasta/film/the-conjuring/,4,,,10/18/2013
10/21/2013,Battle Royale,2000,https://letterboxd.com/tabula_rasta/film/battle-royale/,3,Yes,,10/19/2013
10/21/2013,Annie Hall,1977,https://letterboxd.com/tabula_rasta/film/annie-hall/1/,5,Yes,,10/20/2013
10/27/2013,The Hidden Face,2011,https://letterboxd.com/tabula_rasta/film/the-hidden-face/,3,,,10/23/2013
11/6/2013,Harry Potter and the Philosopher's Stone,2001,https://letterboxd.com/tabula_rasta/film/harry-potter-and-the-philosophers-stone/,3.5,Yes,,11/5/2013
11/7/2013,Harry Potter and the Chamber of Secrets,2002,https://letterboxd.com/tabula_rasta/film/harry-potter-and-the-chamber-of-secrets/,3.5,Yes,,11/6/2013
11/9/2013,Harry Potter and the Prisoner of Azkaban,2004,https://letterboxd.com/tabula_rasta/film/harry-potter-and-the-prisoner-of-azkaban/,4.5,Yes,,11/8/2013
11/10/2013,Harry Potter and the Goblet of Fire,2005,https://letterboxd.com/tabula_rasta/film/harry-potter-and-the-goblet-of-fire/,3,Yes,,11/9/2013
11/10/2013,"Batman: The Dark Knight Returns, Part 1",2012,https://letterboxd.com/tabula_rasta/film/batman-the-dark-knight-returns-part-1/,4,,,11/9/2013
11/11/2013,"Batman: The Dark Knight Returns, Part 2",2013,https://letterboxd.com/tabula_rasta/film/batman-the-dark-knight-returns-part-2/,4,,,11/10/2013
11/12/2013,Harry Potter and the Order of the Phoenix,2007,https://letterboxd.com/tabula_rasta/film/harry-potter-and-the-order-of-the-phoenix/,2,Yes,,11/11/2013
11/14/2013,Harry Potter and the Half-Blood Prince,2009,https://letterboxd.com/tabula_rasta/film/harry-potter-and-the-half-blood-prince/,4,Yes,,11/13/2013
11/16/2013,Harry Potter and the Deathly Hallows: Part 1,2010,https://letterboxd.com/tabula_rasta/film/harry-potter-and-the-deathly-hallows-part-1/,3.5,Yes,,11/15/2013
11/17/2013,Harry Potter and the Deathly Hallows: Part 2,2011,https://letterboxd.com/tabula_rasta/film/harry-potter-and-the-deathly-hallows-part-2/,3.5,Yes,,11/16/2013
11/21/2013,Samsara,2011,https://letterboxd.com/tabula_rasta/film/samsara-2011/,3.5,,,11/20/2013
11/22/2013,We Need to Talk About Kevin,2011,https://letterboxd.com/tabula_rasta/film/we-need-to-talk-about-kevin/,4,Yes,,11/20/2013
11/24/2013,Porco Rosso,1992,https://letterboxd.com/tabula_rasta/film/porco-rosso/,3.5,Yes,,11/23/2013
11/28/2013,Let the Right One In,2008,https://letterboxd.com/tabula_rasta/film/let-the-right-one-in/1/,5,Yes,,11/26/2013
11/29/2013,The Way Back,2010,https://letterboxd.com/tabula_rasta/film/the-way-back/,2.5,,,11/27/2013
12/1/2013,Skyfall,2012,https://letterboxd.com/tabula_rasta/film/skyfall/1/,3.5,Yes,,11/28/2013
12/1/2013,The Hunger Games: Catching Fire,2013,https://letterboxd.com/tabula_rasta/film/the-hunger-games-catching-fire/,3,,,11/30/2013
12/4/2013,Stalker,1979,https://letterboxd.com/tabula_rasta/film/stalker/,5,Yes,,12/3/2013
12/6/2013,The Apartment,1960,https://letterboxd.com/tabula_rasta/film/the-apartment/1/,5,Yes,,12/5/2013
12/7/2013,Indie Game: The Movie,2012,https://letterboxd.com/tabula_rasta/film/indie-game-the-movie/,3.5,,,12/6/2013
12/11/2013,The Girl Who Played with Fire,2009,https://letterboxd.com/tabula_rasta/film/the-girl-who-played-with-fire/,4,,,12/10/2013
12/14/2013,Much Ado About Nothing,2012,https://letterboxd.com/tabula_rasta/film/much-ado-about-nothing-2012/,4,,,12/12/2013
12/30/2013,For a Few Dollars More,1965,https://letterboxd.com/tabula_rasta/film/for-a-few-dollars-more/,4,,,12/13/2013
12/15/2013,A Man for All Seasons,1966,https://letterboxd.com/tabula_rasta/film/a-man-for-all-seasons/,3.5,,,12/14/2013
12/30/2013,The Hobbit: The Desolation of Smaug,2013,https://letterboxd.com/tabula_rasta/film/the-hobbit-the-desolation-of-smaug/,1,,,12/20/2013
12/28/2013,The Wolf of Wall Street,2013,https://letterboxd.com/tabula_rasta/film/the-wolf-of-wall-street/,2.5,,,12/27/2013
1/3/2014,Fracture,2007,https://letterboxd.com/tabula_rasta/film/fracture/,2.5,,,1/1/2014
1/3/2014,American Hustle,2013,https://letterboxd.com/tabula_rasta/film/american-hustle/,3.5,,,1/2/2014
1/7/2014,The Man from Nowhere,2010,https://letterboxd.com/tabula_rasta/film/the-man-from-nowhere/,3.5,,,1/4/2014
1/8/2014,12 Years a Slave,2013,https://letterboxd.com/tabula_rasta/film/12-years-a-slave/,4.5,,,1/7/2014
1/20/2014,Side Effects,2013,https://letterboxd.com/tabula_rasta/film/side-effects-2013/,3,,,1/11/2014
1/20/2014,Stoker,2013,https://letterboxd.com/tabula_rasta/film/stoker/,2,,,1/18/2014
1/20/2014,Drive,2011,https://letterboxd.com/tabula_rasta/film/drive-2011/1/,4,Yes,,1/19/2014
1/24/2014,The Girl Who Kicked the Hornet's Nest,2009,https://letterboxd.com/tabula_rasta/film/the-girl-who-kicked-the-hornets-nest/,2,,,1/22/2014
1/29/2014,The Earrings of Madame de...,1953,https://letterboxd.com/tabula_rasta/film/the-earrings-of-madame-de/,5,,,1/28/2014
1/31/2014,The Cat in the Hat,2003,https://letterboxd.com/tabula_rasta/film/the-cat-in-the-hat-2003/,1.5,,,1/29/2014
1/31/2014,X-Men: First Class,2011,https://letterboxd.com/tabula_rasta/film/x-men-first-class/,2.5,Yes,,1/29/2014
2/6/2014,Pulp Fiction,1994,https://letterboxd.com/tabula_rasta/film/pulp-fiction/1/,5,Yes,,1/31/2014
2/6/2014,"The Good, the Bad and the Ugly",1966,https://letterboxd.com/tabula_rasta/film/the-good-the-bad-and-the-ugly/,4.5,,,2/4/2014
2/6/2014,Futurama: Into the Wild Green Yonder,2009,https://letterboxd.com/tabula_rasta/film/futurama-into-the-wild-green-yonder/,3.5,,,2/5/2014
2/11/2014,The Lego Movie,2014,https://letterboxd.com/tabula_rasta/film/the-lego-movie/,4.5,,,2/8/2014
2/12/2014,Willy Wonka & the Chocolate Factory,1971,https://letterboxd.com/tabula_rasta/film/willy-wonka-the-chocolate-factory/,4.5,Yes,,2/11/2014
2/13/2014,Ernest & Celestine,2012,https://letterboxd.com/tabula_rasta/film/ernest-celestine/,4,,,2/12/2014
2/24/2014,Airplane!,1980,https://letterboxd.com/tabula_rasta/film/airplane/,4,,,2/22/2014
2/27/2014,The Queen of Versailles,2012,https://letterboxd.com/tabula_rasta/film/the-queen-of-versailles/,4,,,2/26/2014
3/1/2014,Apocalypto,2006,https://letterboxd.com/tabula_rasta/film/apocalypto/,2.5,,,2/28/2014
3/2/2014,The Wind Rises,2013,https://letterboxd.com/tabula_rasta/film/the-wind-rises/,4.5,,,3/1/2014
3/9/2014,Star Wars: The Clone Wars,2008,https://letterboxd.com/tabula_rasta/film/star-wars-the-clone-wars/,2.5,,,3/8/2014
3/9/2014,Spaceballs,1987,https://letterboxd.com/tabula_rasta/film/spaceballs/,3.5,,,3/8/2014
3/14/2014,Upstream Color,2013,https://letterboxd.com/tabula_rasta/film/upstream-color/,4,,,3/8/2014
3/15/2014,Mystery Train,1989,https://letterboxd.com/tabula_rasta/film/mystery-train/,4,,,3/14/2014
3/29/2014,The Untouchables,1987,https://letterboxd.com/tabula_rasta/film/the-untouchables/,4,,,3/28/2014
3/30/2014,The Grand Budapest Hotel,2014,https://letterboxd.com/tabula_rasta/film/the-grand-budapest-hotel/,4.5,,,3/29/2014
4/5/2014,Punch-Drunk Love,2002,https://letterboxd.com/tabula_rasta/film/punch-drunk-love/1/,5,Yes,,4/4/2014
4/7/2014,Fire in the Sky,1993,https://letterboxd.com/tabula_rasta/film/fire-in-the-sky/,2.5,,,4/6/2014
4/15/2014,Broken Flowers,2005,https://letterboxd.com/tabula_rasta/film/broken-flowers/,2.5,,,4/12/2014
4/17/2014,The Grandmaster,2013,https://letterboxd.com/tabula_rasta/film/the-grandmaster/,3.5,,,4/15/2014
4/17/2014,The Raid,2011,https://letterboxd.com/tabula_rasta/film/the-raid-2011/,3.5,,,4/16/2014
4/24/2014,Lawrence of Arabia,1962,https://letterboxd.com/tabula_rasta/film/lawrence-of-arabia/,5,,,4/23/2014
4/26/2014,Captain America: The Winter Soldier,2014,https://letterboxd.com/tabula_rasta/film/captain-america-the-winter-soldier/,2,,,4/25/2014
5/4/2014,Inglourious Basterds,2009,https://letterboxd.com/tabula_rasta/film/inglourious-basterds/1/,4.5,Yes,,5/2/2014
5/9/2014,High and Low,1963,https://letterboxd.com/tabula_rasta/film/high-and-low/,4,,,5/8/2014
5/18/2014,Brick Mansions,2014,https://letterboxd.com/tabula_rasta/film/brick-mansions/,1.5,,,5/16/2014
5/18/2014,Half Baked,1998,https://letterboxd.com/tabula_rasta/film/half-baked/,1.5,,,5/17/2014
5/18/2014,L.A. Confidential,1997,https://letterboxd.com/tabula_rasta/film/la-confidential/,4.5,,,5/17/2014
5/20/2014,Godzilla,2014,https://letterboxd.com/tabula_rasta/film/godzilla-2014/,3.5,,,5/18/2014
5/21/2014,Planet Terror,2007,https://letterboxd.com/tabula_rasta/film/planet-terror/,3.5,,,5/19/2014
5/21/2014,Cirque du Freak: The Vampire's Assistant,2009,https://letterboxd.com/tabula_rasta/film/cirque-du-freak-the-vampires-assistant/,1.5,,,5/19/2014
5/21/2014,Waxwork,1988,https://letterboxd.com/tabula_rasta/film/waxwork/,1,,,5/19/2014
5/24/2014,Eight Legged Freaks,2002,https://letterboxd.com/tabula_rasta/film/eight-legged-freaks/,3.5,,,5/19/2014
5/23/2014,The Lego Movie,2014,https://letterboxd.com/tabula_rasta/film/the-lego-movie/1/,4.5,Yes,,5/22/2014
5/27/2014,X-Men: Days of Future Past,2014,https://letterboxd.com/tabula_rasta/film/x-men-days-of-future-past/,4,,,5/23/2014
5/27/2014,Alvin and the Chipmunks,2007,https://letterboxd.com/tabula_rasta/film/alvin-and-the-chipmunks/,2,,,5/24/2014
5/27/2014,Despicable Me 2,2013,https://letterboxd.com/tabula_rasta/film/despicable-me-2/,3,,,5/25/2014
5/28/2014,Evil Dead,2013,https://letterboxd.com/tabula_rasta/film/evil-dead/1/,3.5,Yes,,5/27/2014
5/30/2014,Only Lovers Left Alive,2013,https://letterboxd.com/tabula_rasta/film/only-lovers-left-alive/,5,,,5/28/2014
5/31/2014,Frozen,2013,https://letterboxd.com/tabula_rasta/film/frozen-2013/,3,,,5/30/2014
6/3/2014,Rushmore,1998,https://letterboxd.com/tabula_rasta/film/rushmore/,4.5,,,6/1/2014
6/3/2014,Commando,1985,https://letterboxd.com/tabula_rasta/film/commando/,2,,,6/1/2014
6/3/2014,Predator,1987,https://letterboxd.com/tabula_rasta/film/predator/,2,,,6/1/2014
6/3/2014,The Incredibles,2004,https://letterboxd.com/tabula_rasta/film/the-incredibles/,4,Yes,,6/2/2014
6/8/2014,The Maker,2011,https://letterboxd.com/tabula_rasta/film/the-maker-2011/,3.5,,,6/7/2014
6/15/2014,Big Trouble in Little China,1986,https://letterboxd.com/tabula_rasta/film/big-trouble-in-little-china/,4,,,6/12/2014
6/26/2014,Akira,1988,https://letterboxd.com/tabula_rasta/film/akira/,4,Yes,,6/24/2014
7/2/2014,Taxi Driver,1976,https://letterboxd.com/tabula_rasta/film/taxi-driver/3/,5,Yes,,6/30/2014
7/4/2014,Ragamuffin,2014,https://letterboxd.com/tabula_rasta/film/ragamuffin/,2,,,7/1/2014
7/4/2014,The Village,2004,https://letterboxd.com/tabula_rasta/film/the-village/,1.5,,,7/2/2014
7/8/2014,12 Angry Men,1957,https://letterboxd.com/tabula_rasta/film/12-angry-men/,5,Yes,,7/7/2014
7/24/2014,Edge of Tomorrow,2014,https://letterboxd.com/tabula_rasta/film/edge-of-tomorrow/,3,,,7/23/2014
7/27/2014,The Raid 2,2014,https://letterboxd.com/tabula_rasta/film/the-raid-2/,4,,,7/26/2014
7/30/2014,The Wizard of Oz,1939,https://letterboxd.com/tabula_rasta/film/the-wizard-of-oz-1939/,4,Yes,,7/28/2014
7/31/2014,A Most Wanted Man,2014,https://letterboxd.com/tabula_rasta/film/a-most-wanted-man/,2,,,7/29/2014
8/8/2014,Guardians of the Galaxy,2014,https://letterboxd.com/tabula_rasta/film/guardians-of-the-galaxy/,4,,,8/2/2014
10/14/2014,Her,2013,https://letterboxd.com/tabula_rasta/film/her/,5,,,8/4/2014
8/8/2014,Arlington Road,1999,https://letterboxd.com/tabula_rasta/film/arlington-road/,3,,,8/6/2014
8/10/2014,Mad Max,1979,https://letterboxd.com/tabula_rasta/film/mad-max/,2.5,,,8/8/2014
8/13/2014,The Fisher King,1991,https://letterboxd.com/tabula_rasta/film/the-fisher-king/,4.5,,,8/12/2014
8/17/2014,Boyhood,2014,https://letterboxd.com/tabula_rasta/film/boyhood/,5,,,8/16/2014
8/21/2014,Sin City,2005,https://letterboxd.com/tabula_rasta/film/sin-city/2/,3.5,Yes,,8/20/2014
8/25/2014,Sin City: A Dame to Kill For,2014,https://letterboxd.com/tabula_rasta/film/sin-city-a-dame-to-kill-for/,1.5,,,8/24/2014
9/2/2014,The Prestige,2006,https://letterboxd.com/tabula_rasta/film/the-prestige/,4,Yes,,8/31/2014
9/6/2014,Summer Wars,2009,https://letterboxd.com/tabula_rasta/film/summer-wars/,3.5,Yes,,9/5/2014
9/26/2014,Monty Python and the Holy Grail,1975,https://letterboxd.com/tabula_rasta/film/monty-python-and-the-holy-grail/,4,Yes,,9/14/2014
9/17/2014,City of God,2002,https://letterboxd.com/tabula_rasta/film/city-of-god/1/,4.5,Yes,,9/15/2014
9/18/2014,"O Brother, Where Art Thou?",2000,https://letterboxd.com/tabula_rasta/film/o-brother-where-art-thou/,5,Yes,,9/16/2014
9/24/2014,Tusk,2014,https://letterboxd.com/tabula_rasta/film/tusk-2014/,3,,,9/20/2014
9/27/2014,A Clockwork Orange,1971,https://letterboxd.com/tabula_rasta/film/a-clockwork-orange/,3,,,9/25/2014
9/30/2014,Freedom Summer,2014,https://letterboxd.com/tabula_rasta/film/freedom-summer/,3.5,,,9/29/2014
10/2/2014,Snowpiercer,2013,https://letterboxd.com/tabula_rasta/film/snowpiercer/,4,,,10/1/2014
10/7/2014,13 Assassins,2010,https://letterboxd.com/tabula_rasta/film/13-assassins/1/,3.5,Yes,,10/5/2014
10/12/2014,Gone Girl,2014,https://letterboxd.com/tabula_rasta/film/gone-girl/,5,,,10/11/2014
10/13/2014,Robin Hood: Men in Tights,1993,https://letterboxd.com/tabula_rasta/film/robin-hood-men-in-tights/,2.5,,,10/11/2014
10/24/2014,Ghost in the Shell,1995,https://letterboxd.com/tabula_rasta/film/ghost-in-the-shell/,3,,,10/22/2014
11/2/2014,The Babadook,2014,https://letterboxd.com/tabula_rasta/film/the-babadook/,4.5,,,10/31/2014
11/2/2014,Back to the Future,1985,https://letterboxd.com/tabula_rasta/film/back-to-the-future/,4,,,11/1/2014
11/2/2014,Repo Man,1984,https://letterboxd.com/tabula_rasta/film/repo-man/,4,,,11/1/2014
11/6/2014,Back to the Future Part II,1989,https://letterboxd.com/tabula_rasta/film/back-to-the-future-part-ii/,3.5,,,11/5/2014
11/9/2014,Too Many Cooks,2014,https://letterboxd.com/tabula_rasta/film/too-many-cooks-2014/,4,,,11/8/2014
11/13/2014,Birdman,2014,https://letterboxd.com/tabula_rasta/film/birdman/,5,,,11/11/2014
11/17/2014,Rosencrantz & Guildenstern Are Dead,1990,https://letterboxd.com/tabula_rasta/film/rosencrantz-guildenstern-are-dead/,,,,11/15/2014
11/17/2014,Back to the Future Part III,1990,https://letterboxd.com/tabula_rasta/film/back-to-the-future-part-iii/,4,,,11/15/2014
11/28/2014,The Fifth Element,1997,https://letterboxd.com/tabula_rasta/film/the-fifth-element/,4,Yes,,11/22/2014
11/28/2014,Space Jam,1996,https://letterboxd.com/tabula_rasta/film/space-jam/,3.5,Yes,,11/22/2014
11/29/2014,My Neighbor Totoro,1988,https://letterboxd.com/tabula_rasta/film/my-neighbor-totoro/1/,5,Yes,,11/27/2014
11/29/2014,The Mission,1986,https://letterboxd.com/tabula_rasta/film/the-mission/,3,,,11/28/2014
12/4/2014,Almost Famous,2000,https://letterboxd.com/tabula_rasta/film/almost-famous/,4,,,12/3/2014
12/4/2014,Pi,1998,https://letterboxd.com/tabula_rasta/film/pi/,3,,,12/3/2014
12/25/2014,Big Hero 6,2014,https://letterboxd.com/tabula_rasta/film/big-hero-6/,3.5,,,12/22/2014
12/30/2014,The Giver,2014,https://letterboxd.com/tabula_rasta/film/the-giver/,2,,,12/25/2014
12/30/2014,Edge of Tomorrow,2014,https://letterboxd.com/tabula_rasta/film/edge-of-tomorrow/1/,3,Yes,,12/26/2014
12/30/2014,Mulholland Drive,2001,https://letterboxd.com/tabula_rasta/film/mulholland-drive/,5,,,12/28/2014
1/2/2015,Letter from an Unknown Woman,1948,https://letterboxd.com/tabula_rasta/film/letter-from-an-unknown-woman/,4,,,1/1/2015
1/4/2015,Zombieland,2009,https://letterboxd.com/tabula_rasta/film/zombieland/,4,Yes,,1/1/2015
5/30/2015,Good Will Hunting,1997,https://letterboxd.com/tabula_rasta/film/good-will-hunting/,4,,,1/3/2015
1/11/2015,Selma,2014,https://letterboxd.com/tabula_rasta/film/selma/,3,,,1/7/2015
1/11/2015,How to Train Your Dragon 2,2014,https://letterboxd.com/tabula_rasta/film/how-to-train-your-dragon-2/,4,,,1/8/2015
1/11/2015,Before Sunrise,1995,https://letterboxd.com/tabula_rasta/film/before-sunrise/,5,,,1/10/2015
1/12/2015,Blue Ruin,2013,https://letterboxd.com/tabula_rasta/film/blue-ruin/,3.5,,,1/10/2015
1/18/2015,The Lego Movie,2014,https://letterboxd.com/tabula_rasta/film/the-lego-movie/2/,4.5,Yes,,1/16/2015
1/18/2015,The Muppet Movie,1979,https://letterboxd.com/tabula_rasta/film/the-muppet-movie/,4,,,1/16/2015
1/20/2015,The Island,2006,https://letterboxd.com/tabula_rasta/film/the-island-2006/,3.5,,,1/18/2015
1/25/2015,Frank,2014,https://letterboxd.com/tabula_rasta/film/frank-2014/,4,,,1/23/2015
1/25/2015,The Blues Brothers,1980,https://letterboxd.com/tabula_rasta/film/the-blues-brothers/,3.5,,,1/24/2015
1/25/2015,The Secret of Kells,2009,https://letterboxd.com/tabula_rasta/film/the-secret-of-kells/,4.5,,,1/24/2015
1/26/2015,The Secret of Kells,2009,https://letterboxd.com/tabula_rasta/film/the-secret-of-kells/1/,4.5,Yes,,1/25/2015
2/2/2015,Little Shop of Horrors,1986,https://letterboxd.com/tabula_rasta/film/little-shop-of-horrors/,3,,,1/31/2015
2/2/2015,Teenage Mutant Ninja Turtles,1990,https://letterboxd.com/tabula_rasta/film/teenage-mutant-ninja-turtles/,2.5,,,1/31/2015
2/8/2015,Calvary,2014,https://letterboxd.com/tabula_rasta/film/calvary/,5,,,2/7/2015
2/10/2015,The Naked Gun: From the Files of Police Squad!,1988,https://letterboxd.com/tabula_rasta/film/the-naked-gun-from-the-files-of-police-squad/,3.5,,,2/7/2015
2/23/2015,Examined Life,2008,https://letterboxd.com/tabula_rasta/film/examined-life/,3,Yes,,2/18/2015
2/23/2015,Oldboy,2003,https://letterboxd.com/tabula_rasta/film/oldboy/,4.5,Yes,,2/20/2015
2/23/2015,It's Such a Beautiful Day,2012,https://letterboxd.com/tabula_rasta/film/its-such-a-beautiful-day/,4,,,2/21/2015
2/23/2015,Bill & Ted's Excellent Adventure,1989,https://letterboxd.com/tabula_rasta/film/bill-teds-excellent-adventure/,3.5,,,2/21/2015
3/1/2015,Whiplash,2014,https://letterboxd.com/tabula_rasta/film/whiplash-2014/,4.5,,,2/27/2015
3/1/2015,Brazil,1985,https://letterboxd.com/tabula_rasta/film/brazil/,5,,,2/27/2015
3/7/2015,Interstellar,2014,https://letterboxd.com/tabula_rasta/film/interstellar/,3,,,3/6/2015
3/16/2015,Rashomon,1950,https://letterboxd.com/tabula_rasta/film/rashomon/1/,4,Yes,,3/13/2015
3/16/2015,The Room,2003,https://letterboxd.com/tabula_rasta/film/the-room/1/,0.5,Yes,,3/13/2015
3/16/2015,Evangelion: 1.0 You Are (Not) Alone,2007,https://letterboxd.com/tabula_rasta/film/evangelion-10-you-are-not-alone/,3.5,,,3/14/2015
3/24/2015,My Neighbor Totoro,1988,https://letterboxd.com/tabula_rasta/film/my-neighbor-totoro/2/,5,Yes,,3/21/2015
3/31/2015,Man on Wire,2008,https://letterboxd.com/tabula_rasta/film/man-on-wire/,4.5,,,3/27/2015
4/4/2015,Song of the Sea,2014,https://letterboxd.com/tabula_rasta/film/song-of-the-sea/,3.5,,,4/3/2015
4/7/2015,The Star Wars Holiday Special,1978,https://letterboxd.com/tabula_rasta/film/the-star-wars-holiday-special/,0.5,,,4/4/2015
4/24/2015,Dear Zachary: A Letter to a Son About His Father,2008,https://letterboxd.com/tabula_rasta/film/dear-zachary-a-letter-to-a-son-about-his-father/,4.5,,,4/16/2015
4/27/2015,Robin Hood,1973,https://letterboxd.com/tabula_rasta/film/robin-hood/,4,Yes,,4/26/2015
5/8/2015,World of Tomorrow,2015,https://letterboxd.com/tabula_rasta/film/world-of-tomorrow/,4,,,5/7/2015
5/8/2015,Inherent Vice,2014,https://letterboxd.com/tabula_rasta/film/inherent-vice/,4,,,5/7/2015
5/14/2015,Seven Samurai,1954,https://letterboxd.com/tabula_rasta/film/seven-samurai/,5,Yes,,5/13/2015
5/15/2015,Mad Max 2,1981,https://letterboxd.com/tabula_rasta/film/mad-max-2/,3.5,,,5/13/2015
5/15/2015,Citizenfour,2014,https://letterboxd.com/tabula_rasta/film/citizenfour/,4,,,5/14/2015
5/19/2015,Mad Max: Fury Road,2015,https://letterboxd.com/tabula_rasta/film/mad-max-fury-road/,5,,,5/18/2015
5/25/2015,Dallas Buyers Club,2013,https://letterboxd.com/tabula_rasta/film/dallas-buyers-club/,4,,,5/24/2015
5/26/2015,Young Frankenstein,1974,https://letterboxd.com/tabula_rasta/film/young-frankenstein/,2,,,5/25/2015
5/31/2015,Kung Pow: Enter the Fist,2002,https://letterboxd.com/tabula_rasta/film/kung-pow-enter-the-fist/,3.5,,,5/29/2015
5/31/2015,Kung Fury,2015,https://letterboxd.com/tabula_rasta/film/kung-fury/,2,,,5/29/2015
6/10/2015,Mad Max: Fury Road,2015,https://letterboxd.com/tabula_rasta/film/mad-max-fury-road/1/,5,Yes,,6/8/2015
6/11/2015,A Girl Walks Home Alone at Night,2014,https://letterboxd.com/tabula_rasta/film/a-girl-walks-home-alone-at-night/,4,,,6/9/2015
6/11/2015,The Exorcist,1973,https://letterboxd.com/tabula_rasta/film/the-exorcist/,4,Yes,,6/10/2015
6/17/2015,Kill Bill: Vol. 1,2003,https://letterboxd.com/tabula_rasta/film/kill-bill-vol-1/1/,4.5,Yes,,6/16/2015
6/18/2015,Kill Bill: Vol. 2,2004,https://letterboxd.com/tabula_rasta/film/kill-bill-vol-2/1/,4.5,Yes,,6/17/2015
6/22/2015,Nightcrawler,2014,https://letterboxd.com/tabula_rasta/film/nightcrawler/,4,,,6/20/2015
6/24/2015,Lava,2014,https://letterboxd.com/tabula_rasta/film/lava-2014/,2,,,6/22/2015
6/24/2015,Inside Out,2015,https://letterboxd.com/tabula_rasta/film/inside-out-2015/,4,,,6/22/2015
6/24/2015,Blue Velvet,1986,https://letterboxd.com/tabula_rasta/film/blue-velvet/,4,,,6/23/2015
7/1/2015,Baraka,1992,https://letterboxd.com/tabula_rasta/film/baraka/,5,,,6/29/2015
7/4/2015,Apocalypse Now,1979,https://letterboxd.com/tabula_rasta/film/apocalypse-now/1/,5,Yes,,7/2/2015
7/17/2015,Lessons in Dissent,2014,https://letterboxd.com/tabula_rasta/film/lessons-in-dissent/,3,,,7/17/2015
7/24/2015,Leprechaun in the Hood,2000,https://letterboxd.com/tabula_rasta/film/leprechaun-in-the-hood/,1,,,7/23/2015
7/24/2015,Ai Weiwei: Never Sorry,2012,https://letterboxd.com/tabula_rasta/film/ai-weiwei-never-sorry/,3.5,,,7/23/2015
8/4/2015,Mission: Impossible - Rogue Nation,2015,https://letterboxd.com/tabula_rasta/film/mission-impossible-rogue-nation/,4,,,8/3/2015
8/6/2015,Solaris,1972,https://letterboxd.com/tabula_rasta/film/solaris/,4.5,,,8/5/2015
8/24/2015,Straight Outta Compton,2015,https://letterboxd.com/tabula_rasta/film/straight-outta-compton/,4,,,8/23/2015
9/30/2015,Tokyo Story,1953,https://letterboxd.com/tabula_rasta/film/tokyo-story/,5,,,9/26/2015
10/13/2015,Ex Machina,2014,https://letterboxd.com/tabula_rasta/film/ex-machina-2014/,3.5,,,10/10/2015
11/3/2015,The Cabin in the Woods,2011,https://letterboxd.com/tabula_rasta/film/the-cabin-in-the-woods/1/,4,Yes,,11/1/2015
11/26/2015,PlayTime,1967,https://letterboxd.com/tabula_rasta/film/playtime/,4,,,11/24/2015
11/30/2015,Battles Without Honor and Humanity,1973,https://letterboxd.com/tabula_rasta/film/battles-without-honor-and-humanity/,4,,,11/25/2015
12/7/2015,Akira,1988,https://letterboxd.com/tabula_rasta/film/akira/1/,4,Yes,,12/6/2015
12/8/2015,Duck Amuck,1953,https://letterboxd.com/tabula_rasta/film/duck-amuck/,4,,,12/7/2015
12/8/2015,Duck Dodgers in the 24½th Century,1953,https://letterboxd.com/tabula_rasta/film/duck-dodgers-in-the-24th-century/,4,,,12/8/2015
12/8/2015,Dimensions of Dialogue,1983,https://letterboxd.com/tabula_rasta/film/dimensions-of-dialogue/,4.5,,,12/8/2015
12/10/2015,A Touch of Sin,2013,https://letterboxd.com/tabula_rasta/film/a-touch-of-sin/,4,,,12/9/2015
12/12/2015,Over the Garden Wall,2014,https://letterboxd.com/tabula_rasta/film/over-the-garden-wall-2014/,4.5,,,12/11/2015
12/23/2015,Star Wars: The Force Awakens,2015,https://letterboxd.com/tabula_rasta/film/star-wars-the-force-awakens/,4,,,12/20/2015
12/23/2015,Ant-Man,2015,https://letterboxd.com/tabula_rasta/film/ant-man/,2.5,,,12/22/2015
1/3/2016,The Hateful Eight,2015,https://letterboxd.com/tabula_rasta/film/the-hateful-eight/,4,,,12/30/2015
1/4/2016,The Martian,2015,https://letterboxd.com/tabula_rasta/film/the-martian/,4,,,1/3/2016
2/8/2016,The Grand Budapest Hotel,2014,https://letterboxd.com/tabula_rasta/film/the-grand-budapest-hotel/1/,5,Yes,,1/6/2016
1/8/2016,The Revenant,2015,https://letterboxd.com/tabula_rasta/film/the-revenant-2015/,4.5,,,1/7/2016
1/11/2016,Spectre,2015,https://letterboxd.com/tabula_rasta/film/spectre-2015/,3.5,,,1/11/2016
1/21/2016,Easy A,2010,https://letterboxd.com/tabula_rasta/film/easy-a/,3,,,1/17/2016
1/19/2016,The Sacrifice,1986,https://letterboxd.com/tabula_rasta/film/the-sacrifice/,5,,,1/18/2016
2/8/2016,Bernie,2011,https://letterboxd.com/tabula_rasta/film/bernie-2011/,4,,,2/6/2016
2/8/2016,"Hail, Caesar!",2016,https://letterboxd.com/tabula_rasta/film/hail-caesar-2016/,4,,,2/6/2016
2/12/2016,White Man's Burden,1995,https://letterboxd.com/tabula_rasta/film/white-mans-burden/,1,,,2/10/2016
3/19/2016,Barbie as The Princess & the Pauper,2004,https://letterboxd.com/tabula_rasta/film/barbie-as-the-princess-and-the-pauper/,1.5,,,3/2/2016
3/19/2016,God's Not Dead,2014,https://letterboxd.com/tabula_rasta/film/gods-not-dead/,2,,,3/12/2016
3/24/2016,Prayers for Bobby,2009,https://letterboxd.com/tabula_rasta/film/prayers-for-bobby/,2,,,3/23/2016
5/7/2016,God's Not Dead,2014,https://letterboxd.com/tabula_rasta/film/gods-not-dead/1/,2,Yes,,4/23/2016
5/5/2016,God's Not Dead 2,2016,https://letterboxd.com/tabula_rasta/film/gods-not-dead-2/,2,,,5/1/2016
5/23/2016,Goosebumps,2015,https://letterboxd.com/tabula_rasta/film/goosebumps/,2,,,5/22/2016
6/14/2016,The Witch,2015,https://letterboxd.com/tabula_rasta/film/the-witch-2015/,4.5,,,6/11/2016
6/20/2016,Zootopia,2016,https://letterboxd.com/tabula_rasta/film/zootopia/,3.5,,,6/17/2016
7/4/2016,Captain America: Civil War,2016,https://letterboxd.com/tabula_rasta/film/captain-america-civil-war/,3.5,,,6/28/2016
8/4/2016,"Synecdoche, New York",2008,https://letterboxd.com/tabula_rasta/film/synecdoche-new-york/,5,Yes,,8/3/2016
8/17/2016,About Elly,2009,https://letterboxd.com/tabula_rasta/film/about-elly/,4.5,,,8/14/2016
8/21/2016,Whisper of the Heart,1995,https://letterboxd.com/tabula_rasta/film/whisper-of-the-heart/,2.5,Yes,,8/20/2016
8/31/2016,Don't Breathe,2016,https://letterboxd.com/tabula_rasta/film/dont-breathe-2016/,3.5,,,8/29/2016
9/8/2016,Carol,2015,https://letterboxd.com/tabula_rasta/film/carol-2015/,3.5,,,9/5/2016
9/10/2016,Lilo & Stitch,2002,https://letterboxd.com/tabula_rasta/film/lilo-stitch/,3.5,,,9/9/2016
9/18/2016,Porco Rosso,1992,https://letterboxd.com/tabula_rasta/film/porco-rosso/1/,4,Yes,,9/17/2016
9/19/2016,Stalker,1979,https://letterboxd.com/tabula_rasta/film/stalker/1/,5,Yes,,9/19/2016
10/31/2016,The Witch,2015,https://letterboxd.com/tabula_rasta/film/the-witch-2015/1/,4.5,Yes,,10/30/2016
12/3/2016,Arrival,2016,https://letterboxd.com/tabula_rasta/film/arrival-2016/,4,,,11/20/2016
12/6/2016,Ernest & Celestine,2012,https://letterboxd.com/tabula_rasta/film/ernest-celestine/1/,4,Yes,,12/5/2016
12/27/2016,Doctor Strange,2016,https://letterboxd.com/tabula_rasta/film/doctor-strange-2016/,3,,,12/17/2016
12/27/2016,Rogue One: A Star Wars Story,2016,https://letterboxd.com/tabula_rasta/film/rogue-one-a-star-wars-story/,3.5,,,12/18/2016
12/27/2016,X-Men: Apocalypse,2016,https://letterboxd.com/tabula_rasta/film/x-men-apocalypse/,2,,,12/23/2016
12/27/2016,The Book of Life,2014,https://letterboxd.com/tabula_rasta/film/the-book-of-life-2014/,3.5,,,12/24/2016
12/28/2016,Jack Reacher,2012,https://letterboxd.com/tabula_rasta/film/jack-reacher/,3,,,12/26/2016
12/29/2016,Mustang,2015,https://letterboxd.com/tabula_rasta/film/mustang-2015/,3.5,,,12/28/2016
1/2/2017,Kubo and the Two Strings,2016,https://letterboxd.com/tabula_rasta/film/kubo-and-the-two-strings/,4,,,1/1/2017
1/5/2017,Never Let Me Go,2010,https://letterboxd.com/tabula_rasta/film/never-let-me-go-2010/,2,,,1/4/2017
1/22/2017,Moonlight,2016,https://letterboxd.com/tabula_rasta/film/moonlight-2016/,4.5,,,1/20/2017
1/23/2017,Brooklyn,2015,https://letterboxd.com/tabula_rasta/film/brooklyn/,3.5,,,1/22/2017
1/28/2017,In the Mood for Love,2000,https://letterboxd.com/tabula_rasta/film/in-the-mood-for-love/,4,,,1/28/2017
2/5/2017,"The Good, the Bad and the Ugly",1966,https://letterboxd.com/tabula_rasta/film/the-good-the-bad-and-the-ugly/1/,5,Yes,,2/3/2017
2/11/2017,The Lego Batman Movie,2017,https://letterboxd.com/tabula_rasta/film/the-lego-batman-movie/,3.5,,,2/11/2017
2/16/2017,Nausicaä of the Valley of the Wind,1984,https://letterboxd.com/tabula_rasta/film/nausicaa-of-the-valley-of-the-wind/,4,Yes,,2/14/2017
2/21/2017,Finding Dory,2016,https://letterboxd.com/tabula_rasta/film/finding-dory/,2.5,,,2/20/2017
2/27/2017,John Wick,2014,https://letterboxd.com/tabula_rasta/film/john-wick/,3,,,2/26/2017
3/2/2017,Get Out,2017,https://letterboxd.com/tabula_rasta/film/get-out-2017/,4.5,,,3/1/2017
3/19/2017,Batman: Mask of the Phantasm,1993,https://letterboxd.com/tabula_rasta/film/batman-mask-of-the-phantasm/,3,,,3/12/2017
3/27/2017,Baraka,1992,https://letterboxd.com/tabula_rasta/film/baraka/1/,5,Yes,,3/26/2017
3/31/2017,The Hunchback of Notre Dame,1996,https://letterboxd.com/tabula_rasta/film/the-hunchback-of-notre-dame-1996/,3.5,Yes,,3/29/2017
4/30/2017,Howl's Moving Castle,2004,https://letterboxd.com/tabula_rasta/film/howls-moving-castle/1/,4,Yes,,4/22/2017
5/7/2017,La La Land,2016,https://letterboxd.com/tabula_rasta/film/la-la-land/,2,,,5/4/2017
5/10/2017,La Maison en Petits Cubes,2008,https://letterboxd.com/tabula_rasta/film/la-maison-en-petits-cubes/,4,,,5/7/2017
5/14/2017,Guardians of the Galaxy Vol. 2,2017,https://letterboxd.com/tabula_rasta/film/guardians-of-the-galaxy-vol-2/,4,,,5/14/2017
5/22/2017,The Endless Summer,1966,https://letterboxd.com/tabula_rasta/film/the-endless-summer/,3,,,5/19/2017
5/22/2017,The Way,2010,https://letterboxd.com/tabula_rasta/film/the-way/,2,,,5/21/2017
6/12/2017,Wonder Woman,2017,https://letterboxd.com/tabula_rasta/film/wonder-woman-2017/,3,,,6/11/2017
6/19/2017,Rakka,2017,https://letterboxd.com/tabula_rasta/film/rakka/,4,,,6/18/2017
6/27/2017,Skhizein,2008,https://letterboxd.com/tabula_rasta/film/skhizein/,4,,,6/26/2017
7/9/2017,Beginners,2010,https://letterboxd.com/tabula_rasta/film/beginners/,4,,,7/7/2017
7/15/2017,Spider-Man: Homecoming,2017,https://letterboxd.com/tabula_rasta/film/spider-man-homecoming/,4,,,7/12/2017
7/19/2017,Coherence,2013,https://letterboxd.com/tabula_rasta/film/coherence/,3.5,,,7/17/2017
8/2/2017,Moana,2016,https://letterboxd.com/tabula_rasta/film/moana-2016/,4,,,7/30/2017
8/11/2017,Baby Driver,2017,https://letterboxd.com/tabula_rasta/film/baby-driver/,4.5,,,8/9/2017
8/22/2017,Hero,2002,https://letterboxd.com/tabula_rasta/film/hero-2002/,4.5,,,8/20/2017
8/30/2017,Harry Potter and the Philosopher's Stone,2001,https://letterboxd.com/tabula_rasta/film/harry-potter-and-the-philosophers-stone/1/,3.5,Yes,,8/26/2017
8/30/2017,The Twilight Saga: Breaking Dawn - Part 2,2012,https://letterboxd.com/tabula_rasta/film/the-twilight-saga-breaking-dawn-part-2/,2,,,8/27/2017
9/7/2017,Harry Potter and the Chamber of Secrets,2002,https://letterboxd.com/tabula_rasta/film/harry-potter-and-the-chamber-of-secrets/1/,3.5,Yes,,9/4/2017
10/14/2017,Whiplash,2014,https://letterboxd.com/tabula_rasta/film/whiplash-2014/1/,4.5,Yes,,9/22/2017
10/7/2017,Harry Potter and the Order of the Phoenix,2007,https://letterboxd.com/tabula_rasta/film/harry-potter-and-the-order-of-the-phoenix/1/,3,Yes,,9/28/2017
10/14/2017,Blade Runner 2049,2017,https://letterboxd.com/tabula_rasta/film/blade-runner-2049/,4,,,10/12/2017
11/5/2017,Nacho Libre,2006,https://letterboxd.com/tabula_rasta/film/nacho-libre/,3.5,Yes,,11/4/2017
11/6/2017,Ponyo,2008,https://letterboxd.com/tabula_rasta/film/ponyo/,3,Yes,,11/5/2017
11/16/2017,The Secret of Kells,2009,https://letterboxd.com/tabula_rasta/film/the-secret-of-kells/2/,4.5,Yes,,11/13/2017
11/16/2017,Logan,2017,https://letterboxd.com/tabula_rasta/film/logan-2017/,3,,,11/15/2017
12/3/2017,The Disaster Artist,2017,https://letterboxd.com/tabula_rasta/film/the-disaster-artist/,4,,,12/2/2017
12/31/2017,Big Bird in Japan,1988,https://letterboxd.com/tabula_rasta/film/big-bird-in-japan/,2.5,,,12/25/2017
12/31/2017,It,2017,https://letterboxd.com/tabula_rasta/film/it-2017/,4.5,,,12/28/2017
12/31/2017,Star Wars: The Last Jedi,2017,https://letterboxd.com/tabula_rasta/film/star-wars-the-last-jedi/,3.5,,,12/30/2017
1/11/2018,Mud,2012,https://letterboxd.com/tabula_rasta/film/mud/,4,,,1/10/2018
1/25/2018,The Little Prince,2015,https://letterboxd.com/tabula_rasta/film/the-little-prince-2015/,4,,,1/23/2018
4/15/2018,Annihilation,2018,https://letterboxd.com/tabula_rasta/film/annihilation/,4.5,,,3/25/2018
4/15/2018,Robot & Frank,2012,https://letterboxd.com/tabula_rasta/film/robot-frank/,4.5,,,3/29/2018
4/15/2018,The Little Mermaid,1989,https://letterboxd.com/tabula_rasta/film/the-little-mermaid/,3.5,,,4/10/2018
4/15/2018,Isle of Dogs,2018,https://letterboxd.com/tabula_rasta/film/isle-of-dogs-2018/,3,,,4/13/2018
4/21/2018,A Serious Man,2009,https://letterboxd.com/tabula_rasta/film/a-serious-man/,5,,,4/20/2018
4/22/2018,Millennium Actress,2001,https://letterboxd.com/tabula_rasta/film/millennium-actress/,4.5,Yes,,4/21/2018
5/12/2018,The Lord of the Rings: The Fellowship of the Ring,2001,https://letterboxd.com/tabula_rasta/film/the-lord-of-the-rings-the-fellowship-of-the-ring/2/,4,Yes,,5/9/2018
5/12/2018,Black Panther,2018,https://letterboxd.com/tabula_rasta/film/black-panther-2018/,2.5,,,5/11/2018
5/16/2018,Thor: Ragnarok,2017,https://letterboxd.com/tabula_rasta/film/thor-ragnarok/,3.5,,,5/15/2018
5/18/2018,Sicario,2015,https://letterboxd.com/tabula_rasta/film/sicario-2015/,4.5,,,5/17/2018
5/25/2018,Avengers: Age of Ultron,2015,https://letterboxd.com/tabula_rasta/film/avengers-age-of-ultron/,3.5,,,5/21/2018
6/5/2018,Avengers: Infinity War,2018,https://letterboxd.com/tabula_rasta/film/avengers-infinity-war/,4,,,6/4/2018
6/30/2018,Incredibles 2,2018,https://letterboxd.com/tabula_rasta/film/incredibles-2/,3.5,,,6/28/2018
7/16/2018,The Searchers,1956,https://letterboxd.com/tabula_rasta/film/the-searchers/,5,,,7/12/2018
1/16/2019,Hercules,1997,https://letterboxd.com/tabula_rasta/film/hercules-1997/,3,,,7/12/2018
7/16/2018,It Follows,2014,https://letterboxd.com/tabula_rasta/film/it-follows/,3.5,,,7/15/2018
7/22/2018,Sorry to Bother You,2018,https://letterboxd.com/tabula_rasta/film/sorry-to-bother-you/,4.5,,,7/21/2018
8/8/2018,Awakenings,1990,https://letterboxd.com/tabula_rasta/film/awakenings/,4,,,8/5/2018
8/22/2018,Die Hard,1988,https://letterboxd.com/tabula_rasta/film/die-hard/1/,4.5,Yes,,8/7/2018
8/22/2018,A Wrinkle in Time,2018,https://letterboxd.com/tabula_rasta/film/a-wrinkle-in-time-2018/,1,,,8/20/2018
8/22/2018,Frozen,2013,https://letterboxd.com/tabula_rasta/film/frozen-2013/1/,3,Yes,,8/20/2018
8/25/2018,The Road to El Dorado,2000,https://letterboxd.com/tabula_rasta/film/the-road-to-el-dorado/,2.5,,,8/24/2018
9/11/2018,Tombstone,1993,https://letterboxd.com/tabula_rasta/film/tombstone/,3,,,9/10/2018
9/26/2018,The Predator,2018,https://letterboxd.com/tabula_rasta/film/the-predator/,2,,,9/23/2018
10/1/2018,Song of the Sea,2014,https://letterboxd.com/tabula_rasta/film/song-of-the-sea/1/,4,Yes,,9/27/2018
10/5/2018,Mandy,2018,https://letterboxd.com/tabula_rasta/film/mandy-2018/,4,,,10/3/2018
12/2/2018,Harry Potter and the Philosopher's Stone,2001,https://letterboxd.com/tabula_rasta/film/harry-potter-and-the-philosophers-stone/2/,3.5,Yes,,11/26/2018
1/16/2019,Fantastic Beasts: The Crimes of Grindelwald,2018,https://letterboxd.com/tabula_rasta/film/fantastic-beasts-the-crimes-of-grindelwald/1/,1.5,,,11/30/2018
12/11/2018,Suspiria,2018,https://letterboxd.com/tabula_rasta/film/suspiria-2018/,4.5,,,12/9/2018
12/29/2018,Spider-Man: Into the Spider-Verse,2018,https://letterboxd.com/tabula_rasta/film/spider-man-into-the-spider-verse/,4.5,,,12/12/2018
1/16/2019,Scrooge,1951,https://letterboxd.com/tabula_rasta/film/scrooge-1951/,4,,,12/23/2018
12/29/2018,Suspiria,2018,https://letterboxd.com/tabula_rasta/film/suspiria-2018/1/,4.5,Yes,,12/26/2018
1/16/2019,Howards End,1992,https://letterboxd.com/tabula_rasta/film/howards-end/,4,,,1/13/2019
1/17/2019,The Man Who Knew Too Little,1997,https://letterboxd.com/tabula_rasta/film/the-man-who-knew-too-little/,4.5,,,1/16/2019
1/28/2019,Monty Python and the Holy Grail,1975,https://letterboxd.com/tabula_rasta/film/monty-python-and-the-holy-grail/1/,3.5,Yes,,1/25/2019
1/28/2019,Mary and the Witch's Flower,2017,https://letterboxd.com/tabula_rasta/film/mary-and-the-witchs-flower/,2.5,,,1/27/2019
2/16/2019,Spirited Away,2001,https://letterboxd.com/tabula_rasta/film/spirited-away/1/,5,Yes,,2/2/2019
2/16/2019,Roma,2018,https://letterboxd.com/tabula_rasta/film/roma-2018/,4.5,,,2/15/2019
3/5/2019,The Lego Movie 2: The Second Part,2019,https://letterboxd.com/tabula_rasta/film/the-lego-movie-2-the-second-part/,3.5,,,3/4/2019
3/26/2019,Princess Mononoke,1997,https://letterboxd.com/tabula_rasta/film/princess-mononoke/,5,Yes,,3/15/2019
3/26/2019,Us,2019,https://letterboxd.com/tabula_rasta/film/us-2019/,3.5,,,3/24/2019
4/14/2019,The Core,2003,https://letterboxd.com/tabula_rasta/film/the-core/,2.5,Yes,,4/13/2019
4/26/2019,The Bourne Identity,2002,https://letterboxd.com/tabula_rasta/film/the-bourne-identity-2002/1/,4,Yes,,4/24/2019
5/4/2019,The Legend of Drunken Master,1994,https://letterboxd.com/tabula_rasta/film/the-legend-of-drunken-master/,4,,,5/4/2019
5/12/2019,Avengers: Endgame,2019,https://letterboxd.com/tabula_rasta/film/avengers-endgame/,3,,,5/4/2019
5/12/2019,Mona Lisa Smile,2003,https://letterboxd.com/tabula_rasta/film/mona-lisa-smile/,2.5,,,5/9/2019
5/24/2019,The Bourne Supremacy,2004,https://letterboxd.com/tabula_rasta/film/the-bourne-supremacy/,3.5,Yes,,5/17/2019
5/29/2019,Free Solo,2018,https://letterboxd.com/tabula_rasta/film/free-solo/,4,,,5/25/2019
6/14/2019,Who's Afraid of Virginia Woolf?,1966,https://letterboxd.com/tabula_rasta/film/whos-afraid-of-virginia-woolf/,5,,,6/6/2019
6/21/2019,The Third Man,1949,https://letterboxd.com/tabula_rasta/film/the-third-man/,5,,,6/20/2019
6/28/2019,Scott Pilgrim vs. the World,2010,https://letterboxd.com/tabula_rasta/film/scott-pilgrim-vs-the-world/,3.5,Yes,,6/27/2019
7/10/2019,Captain America: The Winter Soldier,2014,https://letterboxd.com/tabula_rasta/film/captain-america-the-winter-soldier/1/,2.5,Yes,,7/4/2019
7/12/2019,Midsommar,2019,https://letterboxd.com/tabula_rasta/film/midsommar/,4,,,7/10/2019
9/2/2019,Millennium Actress,2001,https://letterboxd.com/tabula_rasta/film/millennium-actress/1/,4.5,Yes,,8/16/2019
9/2/2019,Hard to Be a God,2013,https://letterboxd.com/tabula_rasta/film/hard-to-be-a-god/,2.5,,,8/24/2019
9/2/2019,Cat on a Hot Tin Roof,1958,https://letterboxd.com/tabula_rasta/film/cat-on-a-hot-tin-roof/,4,,,9/1/2019
10/31/2019,The Birdcage,1996,https://letterboxd.com/tabula_rasta/film/the-birdcage/,3.5,,,10/30/2019
11/26/2019,The Dark Crystal,1982,https://letterboxd.com/tabula_rasta/film/the-dark-crystal/,3.5,,,11/23/2019
12/1/2019,Parasite,2019,https://letterboxd.com/tabula_rasta/film/parasite-2019/,4,,,11/29/2019
12/11/2019,Midnight in Paris,2011,https://letterboxd.com/tabula_rasta/film/midnight-in-paris/,4,,,12/8/2019
12/25/2019,Frozen II,2019,https://letterboxd.com/tabula_rasta/film/frozen-ii/,4,,,12/19/2019
12/22/2019,The Earrings of Madame de...,1953,https://letterboxd.com/tabula_rasta/film/the-earrings-of-madame-de/1/,4.5,Yes,,12/21/2019
12/25/2019,It's a Wonderful Life,1946,https://letterboxd.com/tabula_rasta/film/its-a-wonderful-life/1/,4,Yes,,12/24/2019
1/3/2020,Sleeping Beauty,1959,https://letterboxd.com/tabula_rasta/film/sleeping-beauty/,5,Yes,,12/31/2019
1/3/2020,The Black Cauldron,1985,https://letterboxd.com/tabula_rasta/film/the-black-cauldron/,2.5,,,1/1/2020
