Date,Name,Year,Letterboxd URI,Rating
2012-09-20,Pulp Fiction,1994,https://letterboxd.com/film/pulp-fiction/,5
2012-09-20,Reservoir Dogs,1992,https://letterboxd.com/film/reservoir-dogs/,4.5
2012-09-20,Singin' in the Rain,1952,https://letterboxd.com/film/singin-in-the-rain/,5
2012-09-21,Lilya 4-ever,2002,https://letterboxd.com/film/lilya-4-ever/,3.5
2012-09-21,The Bourne Legacy,2012,https://letterboxd.com/film/the-bourne-legacy/,3.5
2012-09-21,Kick-Ass,2010,https://letterboxd.com/film/kick-ass/,4
2012-09-21,Die Hard,1988,https://letterboxd.com/film/die-hard/,4.5
2012-09-21,The Avengers,2012,https://letterboxd.com/film/the-avengers-2012/,3.5
2012-09-21,Rubber,2010,https://letterboxd.com/film/rubber/,3.5
2012-09-21,Blade Runner,1982,https://letterboxd.com/film/blade-runner/,4
2012-09-21,Sunrise: A Song of Two Humans,1927,https://letterboxd.com/film/sunrise-a-song-of-two-humans/,4.5
2012-09-21,The Cabin in the Woods,2011,https://letterboxd.com/film/the-cabin-in-the-woods/,4
2012-09-21,Being John Malkovich,1999,https://letterboxd.com/film/being-john-malkovich/,5
2012-09-21,The Maltese Falcon,1941,https://letterboxd.com/film/the-maltese-falcon-1941/,4.5
2012-09-21,Casablanca,1942,https://letterboxd.com/film/casablanca/,5
2012-09-21,Double Indemnity,1944,https://letterboxd.com/film/double-indemnity/,4
2012-09-21,A State of Mind,2004,https://letterboxd.com/film/a-state-of-mind/,4
2012-09-21,Notorious,1946,https://letterboxd.com/film/notorious/,5
2012-09-21,Blue Gold: World Water Wars,2008,https://letterboxd.com/film/blue-gold-world-water-wars/,3.5
2012-09-21,Watchmen,2009,https://letterboxd.com/film/watchmen/,3.5
2012-09-21,"Synecdoche, New York",2008,https://letterboxd.com/film/synecdoche-new-york/,5
2012-09-21,The Lion King 1½,2004,https://letterboxd.com/film/the-lion-king-3-hakuna-matata/,2
2012-09-21,Ratatouille,2007,https://letterboxd.com/film/ratatouille/,4
2012-09-21,Grave of the Fireflies,1988,https://letterboxd.com/film/grave-of-the-fireflies/,3.5
2012-09-21,There Will Be Blood,2007,https://letterboxd.com/film/there-will-be-blood/,4.5
2012-09-21,The Green Mile,1999,https://letterboxd.com/film/the-green-mile/,5
2012-09-21,The Grapes of Wrath,1940,https://letterboxd.com/film/the-grapes-of-wrath/,4.5
2012-09-21,Cool Hand Luke,1967,https://letterboxd.com/film/cool-hand-luke/,4.5
2012-09-21,The Godfather,1972,https://letterboxd.com/film/the-godfather/,5
2012-09-21,The Bridge,2006,https://letterboxd.com/film/the-bridge-2006/,3
2012-09-21,Edward Scissorhands,1990,https://letterboxd.com/film/edward-scissorhands/,4
2012-09-21,Se7en,1995,https://letterboxd.com/film/se7en/,4
2012-09-21,Oldboy,2003,https://letterboxd.com/film/oldboy/,5
2012-09-21,Full Metal Jacket,1987,https://letterboxd.com/film/full-metal-jacket/,4.5
2012-09-21,The 400 Blows,1959,https://letterboxd.com/film/the-400-blows/,4.5
2012-09-21,A Separation,2011,https://letterboxd.com/film/a-separation/,5
2012-09-21,Citizen Kane,1941,https://letterboxd.com/film/citizen-kane/,5
2012-09-21,Exit Through the Gift Shop,2010,https://letterboxd.com/film/exit-through-the-gift-shop/,4.5
2012-09-21,Raging Bull,1980,https://letterboxd.com/film/raging-bull/,4
2012-09-21,The Pianist,2002,https://letterboxd.com/film/the-pianist/,3.5
2012-09-21,Blood Simple,1984,https://letterboxd.com/film/blood-simple/,4.5
2012-09-21,Indiana Jones and the Last Crusade,1989,https://letterboxd.com/film/indiana-jones-and-the-last-crusade/,3.5
2012-09-21,Adventure Time,2008,,4.5
2012-09-21,Harvey,1950,https://letterboxd.com/film/harvey/,4
2012-09-21,Chronicle,2012,https://letterboxd.com/film/chronicle/,4
2012-09-21,The Incredible Hulk,2008,https://letterboxd.com/film/the-incredible-hulk/,3
2012-09-21,The Orphanage,2007,https://letterboxd.com/film/the-orphanage/,3.5
2012-09-21,Battle Royale,2000,https://letterboxd.com/film/battle-royale/,3
2012-09-21,Rear Window,1954,https://letterboxd.com/film/rear-window/,5
2012-09-21,Léon: The Professional,1994,https://letterboxd.com/film/leon-the-professional/,3
2012-09-21,The White Stripes: Under Great White Northern Lights,2009,https://letterboxd.com/film/the-white-stripes-under-great-white-northern-lights/,4
2012-09-21,Dial M for Murder,1954,https://letterboxd.com/film/dial-m-for-murder/,4.5
2012-09-21,The Hudsucker Proxy,1994,https://letterboxd.com/film/the-hudsucker-proxy/,4
2012-09-21,When the Wind Blows,1986,https://letterboxd.com/film/when-the-wind-blows/,3.5
2012-09-21,Rashomon,1950,https://letterboxd.com/film/rashomon/,4.5
2012-09-21,V for Vendetta,2005,https://letterboxd.com/film/v-for-vendetta/,4.5
2012-09-21,Brave,2012,https://letterboxd.com/film/brave-2012/,2.5
2012-09-21,Insomnia,2002,https://letterboxd.com/film/insomnia-2002/,4
2012-09-21,Unforgiven,1992,https://letterboxd.com/film/unforgiven/,4
2012-09-21,Moonrise Kingdom,2012,https://letterboxd.com/film/moonrise-kingdom/,5
2012-09-21,Touch of Evil,1958,https://letterboxd.com/film/touch-of-evil/,4.5
2012-09-21,Alien,1979,https://letterboxd.com/film/alien/,4
2012-09-21,Dear Zachary: A Letter to a Son About His Father,2008,https://letterboxd.com/film/dear-zachary-a-letter-to-a-son-about-his-father/,4
2012-09-21,Inglourious Basterds,2009,https://letterboxd.com/film/inglourious-basterds/,4.5
2012-09-21,"Crouching Tiger, Hidden Dragon",2000,https://letterboxd.com/film/crouching-tiger-hidden-dragon/,4
2012-09-21,Slumdog Millionaire,2008,https://letterboxd.com/film/slumdog-millionaire/,5
2012-09-21,28 Days Later,2002,https://letterboxd.com/film/28-days-later/,3
2012-09-21,Intolerable Cruelty,2003,https://letterboxd.com/film/intolerable-cruelty/,4
2012-09-21,The Shawshank Redemption,1994,https://letterboxd.com/film/the-shawshank-redemption/,4.5
2012-09-21,The Birds,1963,https://letterboxd.com/film/the-birds/,3.5
2012-09-21,Eternal Sunshine of the Spotless Mind,2004,https://letterboxd.com/film/eternal-sunshine-of-the-spotless-mind/,5
2012-09-21,2001: A Space Odyssey,1968,https://letterboxd.com/film/2001-a-space-odyssey/,4.5
2012-09-21,Strangers on a Train,1951,https://letterboxd.com/film/strangers-on-a-train/,4
2012-09-21,The Cat Returns,2002,https://letterboxd.com/film/the-cat-returns/,3.5
2012-09-21,Castle in the Sky,1986,https://letterboxd.com/film/castle-in-the-sky/,4
2012-09-21,The Fall,2006,https://letterboxd.com/film/the-fall/,2.5
2012-09-21,Death Proof,2007,https://letterboxd.com/film/death-proof/,4
2012-09-21,To Catch a Thief,1955,https://letterboxd.com/film/to-catch-a-thief/,3.5
2012-09-21,The Breakfast Club,1985,https://letterboxd.com/film/the-breakfast-club/,4
2012-09-21,Batman Begins,2005,https://letterboxd.com/film/batman-begins/,3.5
2012-09-21,The Bad News Bears in Breaking Training,1977,https://letterboxd.com/film/the-bad-news-bears-in-breaking-training/,4.5
2012-09-21,The Big Lebowski,1998,https://letterboxd.com/film/the-big-lebowski/,5
2012-09-21,The Dark Knight Rises,2012,https://letterboxd.com/film/the-dark-knight-rises/,3.5
2012-09-21,Serenity,2005,https://letterboxd.com/film/serenity/,3.5
2012-09-21,Memento,2000,https://letterboxd.com/film/memento/,4.5
2012-09-21,Hot Fuzz,2007,https://letterboxd.com/film/hot-fuzz/,4
2012-09-21,True Romance,1993,https://letterboxd.com/film/true-romance/,3.5
2012-09-21,Ip Man,2008,https://letterboxd.com/film/ip-man/,3.5
2012-09-21,A Streetcar Named Desire,1951,https://letterboxd.com/film/a-streetcar-named-desire/,4.5
2012-09-21,The Ladykillers,1955,https://letterboxd.com/film/the-ladykillers/,3.5
2012-09-21,Kaubôi bibappu,1900,,4
2012-09-21,Vertigo,1958,https://letterboxd.com/film/vertigo/,4.5
2012-09-21,The Simpsons Movie,2007,https://letterboxd.com/film/the-simpsons-movie/,4.5
2012-09-21,The Darjeeling Limited,2007,https://letterboxd.com/film/the-darjeeling-limited/,3.5
2012-09-21,Dawn of the Dead,2004,https://letterboxd.com/film/dawn-of-the-dead-2004/,3.5
2012-09-21,The Blair Witch Project,1999,https://letterboxd.com/film/the-blair-witch-project/,4
2012-09-21,Hugo,2011,https://letterboxd.com/film/hugo/,4.5
2012-09-21,Moon,2009,https://letterboxd.com/film/moon/,3.5
2012-09-21,A Beautiful Mind,2001,https://letterboxd.com/film/a-beautiful-mind/,2.5
2012-09-21,The Usual Suspects,1995,https://letterboxd.com/film/the-usual-suspects/,3.5
2012-09-21,The Game,1997,https://letterboxd.com/film/the-game/,3
2012-09-21,The Fountain,2006,https://letterboxd.com/film/the-fountain/,3
2012-09-21,The Intouchables,2011,https://letterboxd.com/film/the-intouchables/,3
2012-09-21,The Tree of Life,2011,https://letterboxd.com/film/the-tree-of-life-2011/,4.5
2012-09-21,Sherlock Holmes: A Game of Shadows,2011,https://letterboxd.com/film/sherlock-holmes-a-game-of-shadows/,4
2012-09-22,Dredd,2012,https://letterboxd.com/film/dredd/,2.5
2012-09-23,Man Bites Dog,1992,https://letterboxd.com/film/man-bites-dog/,5
2012-09-23,50/50,2011,https://letterboxd.com/film/50-50/,4
2012-09-24,Drive,2011,https://letterboxd.com/film/drive-2011/,4
2012-09-25,My Neighbor Totoro,1988,https://letterboxd.com/film/my-neighbor-totoro/,5
2012-09-25,La Haine,1995,https://letterboxd.com/film/la-haine/,4.5
2012-09-26,The Great Dictator,1940,https://letterboxd.com/film/the-great-dictator/,4.5
2012-09-28,Wait Until Dark,1967,https://letterboxd.com/film/wait-until-dark/,5
2012-09-29,Looper,2012,https://letterboxd.com/film/looper/,4.5
2012-09-30,The Seventh Seal,1957,https://letterboxd.com/film/the-seventh-seal/,4.5
2012-09-30,The Night of the Hunter,1955,https://letterboxd.com/film/the-night-of-the-hunter/,4.5
2012-10-01,Saw,2004,https://letterboxd.com/film/saw/,3
2012-10-03,Terminator 2: Judgment Day,1991,https://letterboxd.com/film/terminator-2-judgment-day/,3.5
2012-10-03,Into the Abyss,2011,https://letterboxd.com/film/into-the-abyss/,3
2012-10-04,Deep Rising,1998,https://letterboxd.com/film/deep-rising/,2
2012-10-07,The Fog of War,2003,https://letterboxd.com/film/the-fog-of-war/,4
2012-10-07,Night and Fog,1956,https://letterboxd.com/film/night-and-fog/,4
2012-10-07,Wanted,2008,https://letterboxd.com/film/wanted-2008/,3
2012-10-07,The 39 Steps,1935,https://letterboxd.com/film/the-39-steps/,3.5
2012-10-07,Fight Club,1999,https://letterboxd.com/film/fight-club/,4
2012-10-09,Donnie Darko,2001,https://letterboxd.com/film/donnie-darko/,4.5
2012-10-10,The Lost Boys,1987,https://letterboxd.com/film/the-lost-boys/,3
2012-10-11,Band of Outsiders,1964,https://letterboxd.com/film/band-of-outsiders/,4.5
2012-10-11,Dr. Strangelove or: How I Learned to Stop Worrying and Love the Bomb,1964,https://letterboxd.com/film/dr-strangelove-or-how-i-learned-to-stop-worrying-and-love-the-bomb/,5
2012-10-12,Sinister,2012,https://letterboxd.com/film/sinister/,4
2012-10-13,Black Swan,2010,https://letterboxd.com/film/black-swan/,4.5
2012-10-13,Sweeney Todd: The Demon Barber of Fleet Street,2007,https://letterboxd.com/film/sweeney-todd-the-demon-barber-of-fleet-street-2007/,3.5
2012-10-14,Chungking Express,1994,https://letterboxd.com/film/chungking-express/,4
2012-10-15,The Box,2009,https://letterboxd.com/film/the-box-2009/,2.5
2012-10-15,Durango Kids,1999,https://letterboxd.com/film/durango-kids/,0.5
2012-10-16,Chino,1973,https://letterboxd.com/film/chino/,2.5
2012-10-16,Cry Blood Apache,1970,https://letterboxd.com/film/cry-blood-apache/,1
2012-10-16,The Shining,1980,https://letterboxd.com/film/the-shining/,5
2012-10-16,Let the Right One In,2008,https://letterboxd.com/film/let-the-right-one-in/,5
2012-10-16,The Weather Underground,2002,https://letterboxd.com/film/the-weather-underground/,4
2012-10-17,Troll Hunter,2010,https://letterboxd.com/film/troll-hunter/,3.5
2012-10-18,The Graduate,1967,https://letterboxd.com/film/the-graduate/,5
2012-10-18,Rambo,2008,https://letterboxd.com/film/rambo/,3
2012-10-19,Shaun of the Dead,2004,https://letterboxd.com/film/shaun-of-the-dead/,4
2012-10-19,Who the #$&% Is Jackson Pollock?,2006,https://letterboxd.com/film/who-the-is-jackson-pollock/,3.5
2012-10-22,Francophrenia,2012,https://letterboxd.com/film/francophrenia/,1.5
2012-10-22,Saturday Morning Massacre,2012,https://letterboxd.com/film/saturday-morning-massacre/,2
2012-10-22,Silver Linings Playbook,2012,https://letterboxd.com/film/silver-linings-playbook/,4
2012-10-22,It's a Disaster,2012,https://letterboxd.com/film/its-a-disaster/,3.5
2012-10-22,Julie & Julia,2009,https://letterboxd.com/film/julie-julia/,4
2012-10-24,Tales from Earthsea,2006,https://letterboxd.com/film/tales-from-earthsea/,3
2012-10-24,Carrie,1976,https://letterboxd.com/film/carrie-1976/,4
2012-10-25,Millennium Actress,2001,https://letterboxd.com/film/millennium-actress/,4.5
2012-10-25,Taxi Driver,1976,https://letterboxd.com/film/taxi-driver/,5
2012-10-26,The Rocky Horror Picture Show,1975,https://letterboxd.com/film/the-rocky-horror-picture-show/,3
2012-10-27,A Fish Called Wanda,1988,https://letterboxd.com/film/a-fish-called-wanda/,3.5
2012-10-28,Badlands,1973,https://letterboxd.com/film/badlands/,4.5
2012-10-28,In Bruges,2008,https://letterboxd.com/film/in-bruges/,4
2012-10-29,Sin City,2005,https://letterboxd.com/film/sin-city/,4
2012-10-29,The Man Who Would Be King,1975,https://letterboxd.com/film/the-man-who-would-be-king/,4.5
2012-10-29,Hairspray,2007,https://letterboxd.com/film/hairspray-2007/,2.5
2012-10-30,Last Train Home,2009,https://letterboxd.com/film/last-train-home/,3.5
2012-11-01,American Beauty,1999,https://letterboxd.com/film/american-beauty/,4
2012-11-02,American History X,1998,https://letterboxd.com/film/american-history-x/,4
2012-11-04,Yojimbo,1961,https://letterboxd.com/film/yojimbo/,4.5
2012-11-05,Adaptation.,2002,https://letterboxd.com/film/adaptation/,4.5
2012-11-08,Amélie,2001,https://letterboxd.com/film/amelie/,4.5
2012-11-12,The Silence of the Lambs,1991,https://letterboxd.com/film/the-silence-of-the-lambs/,4.5
2012-11-14,The Lord of the Rings: The Fellowship of the Ring,2001,https://letterboxd.com/film/the-lord-of-the-rings-the-fellowship-of-the-ring/,4
2012-11-16,The Lord of the Rings: The Two Towers,2002,https://letterboxd.com/film/the-lord-of-the-rings-the-two-towers/,4.5
2012-11-17,Skyfall,2012,https://letterboxd.com/film/skyfall/,4
2012-11-22,From Russia with Love,1963,https://letterboxd.com/film/from-russia-with-love/,4
2012-11-24,The Amazing Spider-Man,2012,https://letterboxd.com/film/the-amazing-spider-man/,3
2012-11-24,The Brothers Grimm,2005,https://letterboxd.com/film/the-brothers-grimm/,2
2012-11-24,The Thin Red Line,1998,https://letterboxd.com/film/the-thin-red-line/,4.5
2012-11-24,Sanjuro,1962,https://letterboxd.com/film/sanjuro/,4
2012-11-25,Let Me In,2010,https://letterboxd.com/film/let-me-in/,4
2012-11-26,The Bourne Identity,2002,https://letterboxd.com/film/the-bourne-identity-2002/,4
2012-11-27,Pippi on the Run,1970,https://letterboxd.com/film/pippi-on-the-run/,2.5
2012-11-29,Shutter Island,2010,https://letterboxd.com/film/shutter-island/,4.5
2012-11-30,The Lord of the Rings: The Return of the King,2003,https://letterboxd.com/film/the-lord-of-the-rings-the-return-of-the-king/,4.5
2012-12-01,The Departed,2006,https://letterboxd.com/film/the-departed/,4
2012-12-02,Kill Bill: Vol. 1,2003,https://letterboxd.com/film/kill-bill-vol-1/,4.5
2012-12-02,Kill Bill: Vol. 2,2004,https://letterboxd.com/film/kill-bill-vol-2/,4.5
2012-12-03,The Call of Cthulhu,2005,https://letterboxd.com/film/the-call-of-cthulhu/,4
2012-12-03,Annie Hall,1977,https://letterboxd.com/film/annie-hall/,5
2012-12-03,The Girl Who Leapt Through Time,2006,https://letterboxd.com/film/the-girl-who-leapt-through-time/,4
2012-12-05,National Lampoon's Christmas Vacation,1989,https://letterboxd.com/film/national-lampoons-christmas-vacation/,2.5
2012-12-06,Inception,2010,https://letterboxd.com/film/inception/,3.5
2012-12-06,The Evil Dead,1981,https://letterboxd.com/film/the-evil-dead/,2.5
2012-12-07,Ninja Assassin,2009,https://letterboxd.com/film/ninja-assassin/,3.5
2012-12-08,Little Miss Sunshine,2006,https://letterboxd.com/film/little-miss-sunshine/,5
2012-12-10,Gangs of New York,2002,https://letterboxd.com/film/gangs-of-new-york-2002/,3.5
2012-12-10,Cape Fear,1991,https://letterboxd.com/film/cape-fear-1991/,5
2012-12-11,Ran,1985,https://letterboxd.com/film/ran/,4.5
2012-12-12,The Proposition,2005,https://letterboxd.com/film/the-proposition-2005/,4.5
2012-12-13,Hedgehog in the Fog,1975,https://letterboxd.com/film/hedgehog-in-the-fog/,4
2012-12-14,Magnolia,1999,https://letterboxd.com/film/magnolia/,5
2012-12-16,Capote,2005,https://letterboxd.com/film/capote/,4.5
2012-12-17,Iron Man,2008,https://letterboxd.com/film/iron-man-2008/,3.5
2012-12-18,The Road,2009,https://letterboxd.com/film/the-road/,4
2012-12-19,The Hobbit: An Unexpected Journey,2012,https://letterboxd.com/film/the-hobbit-an-unexpected-journey/,3
2012-12-20,The Terminator,1984,https://letterboxd.com/film/the-terminator/,3
2012-12-28,Django Unchained,2012,https://letterboxd.com/film/django-unchained/,4.5
2012-12-28,Lincoln,2012,https://letterboxd.com/film/lincoln/,3
2013-01-02,Schindler's List,1993,https://letterboxd.com/film/schindlers-list/,5
2013-01-02,Fargo,1996,https://letterboxd.com/film/fargo/,5
2013-01-02,Tristan & Isolde,2006,https://letterboxd.com/film/tristan-isolde-2006/,2
2013-01-04,The Omen,1976,https://letterboxd.com/film/the-omen/,4
2013-01-04,District 9,2009,https://letterboxd.com/film/district-9/,4
2013-01-06,Casino Royale,2006,https://letterboxd.com/film/casino-royale-2006/,3.5
2013-01-06,The Muppets,2011,https://letterboxd.com/film/the-muppets/,3.5
2013-01-07,Les Misérables,2012,https://letterboxd.com/film/les-miserables-2012/,2.5
2013-01-08,Let the Bullets Fly,2010,https://letterboxd.com/film/let-the-bullets-fly/,4
2013-01-09,Micmacs,2009,https://letterboxd.com/film/micmacs/,4
2013-01-14,Nosferatu,1922,https://letterboxd.com/film/nosferatu/,4.5
2013-01-15,GoodFellas,1990,https://letterboxd.com/film/goodfellas/,3.5
2013-01-16,Dreams,1990,https://letterboxd.com/film/dreams/,4
2013-01-17,Come and See,1985,https://letterboxd.com/film/come-and-see/,5
2013-01-18,It's a Wonderful Life,1946,https://letterboxd.com/film/its-a-wonderful-life/,4
2013-01-19,Seven Psychopaths,2012,https://letterboxd.com/film/seven-psychopaths/,4.5
2013-01-20,Throne of Blood,1957,https://letterboxd.com/film/throne-of-blood/,4
2013-01-21,Funny Games,2007,https://letterboxd.com/film/funny-games-2007/,2
2013-01-22,A History of Violence,2005,https://letterboxd.com/film/a-history-of-violence/,3
2013-01-26,Argo,2012,https://letterboxd.com/film/argo/,3.5
2013-01-28,Bicycle Thieves,1948,https://letterboxd.com/film/bicycle-thieves/,5
2013-02-01,Paperman,2012,https://letterboxd.com/film/paperman/,3.5
2013-02-01,High Noon,1952,https://letterboxd.com/film/high-noon/,3.5
2013-02-02,Surf Ninjas,1993,https://letterboxd.com/film/surf-ninjas/,3
2013-02-03,Requiem for a Dream,2000,https://letterboxd.com/film/requiem-for-a-dream/,3.5
2013-02-03,Harakiri,1962,https://letterboxd.com/film/harakiri/,5
2013-02-04,Eyes Without a Face,1960,https://letterboxd.com/film/eyes-without-a-face/,4
2013-02-10,Wreck-It Ralph,2012,https://letterboxd.com/film/wreck-it-ralph/,4
2013-02-10,A Bittersweet Life,2005,https://letterboxd.com/film/a-bittersweet-life/,4
2013-02-11,Rise of the Planet of the Apes,2011,https://letterboxd.com/film/rise-of-the-planet-of-the-apes/,2.5
2013-02-11,Forgetting Sarah Marshall,2008,https://letterboxd.com/film/forgetting-sarah-marshall/,2
2013-02-11,Howl's Moving Castle,2004,https://letterboxd.com/film/howls-moving-castle/,4
2013-02-11,Psycho,1960,https://letterboxd.com/film/psycho/,5
2013-02-11,"It Can Be Done, Amigo",1972,https://letterboxd.com/film/it-can-be-done-amigo-1972/,1.5
2013-02-11,Invictus,2009,https://letterboxd.com/film/invictus/,2.5
2013-02-11,I.Q.,1994,https://letterboxd.com/film/iq/,2.5
2013-02-11,Ruin,2012,https://letterboxd.com/film/ruin/,3.5
2013-02-11,Planet 51,2009,https://letterboxd.com/film/planet-51/,2
2013-02-11,The Snowman,1982,https://letterboxd.com/film/the-snowman/,4
2013-02-13,A Fistful of Dollars,1964,https://letterboxd.com/film/a-fistful-of-dollars/,4.5
2013-02-15,Rebel Without a Cause,1955,https://letterboxd.com/film/rebel-without-a-cause/,4
2013-02-16,Three Colors: Blue,1993,https://letterboxd.com/film/three-colors-blue/,5
2013-02-16,Outer Space,1999,https://letterboxd.com/film/outer-space/,3.5
2013-02-17,Down by Law,1986,https://letterboxd.com/film/down-by-law/,4.5
2013-02-17,Adam and Dog,2012,https://letterboxd.com/film/adam-and-dog/,4
2013-02-17,Modern Times,1936,https://letterboxd.com/film/modern-times/,4
2013-02-17,Sword of the Beast,1965,https://letterboxd.com/film/sword-of-the-beast/,4
2013-02-21,Scream,1996,https://letterboxd.com/film/scream/,3.5
2013-02-22,Breathless,1960,https://letterboxd.com/film/breathless/,4
2013-02-23,John Dies at the End,2012,https://letterboxd.com/film/john-dies-at-the-end/,2.5
2013-02-26,Barton Fink,1991,https://letterboxd.com/film/barton-fink/,5
2013-03-01,A Hard Day's Night,1964,https://letterboxd.com/film/a-hard-days-night/,3
2013-03-03,Apocalypse Now,1979,https://letterboxd.com/film/apocalypse-now/,5
2013-03-04,The Help,2011,https://letterboxd.com/film/the-help/,4.5
2013-03-05,Boogie Nights,1997,https://letterboxd.com/film/boogie-nights/,4
2013-03-08,Enter the Dragon,1973,https://letterboxd.com/film/enter-the-dragon/,3
2013-03-08,Blow-Up,1966,https://letterboxd.com/film/blow-up/,4
2013-03-09,Smokin' Aces,2006,https://letterboxd.com/film/smokin-aces/,3
2013-03-10,Before the Devil Knows You're Dead,2007,https://letterboxd.com/film/before-the-devil-knows-youre-dead/,4
2013-03-11,After Hours,1985,https://letterboxd.com/film/after-hours/,4.5
2013-03-12,The Master,2012,https://letterboxd.com/film/the-master-2012/,4.5
2013-03-13,Near Dark,1987,https://letterboxd.com/film/near-dark/,2.5
2013-03-14,We Need to Talk About Kevin,2011,https://letterboxd.com/film/we-need-to-talk-about-kevin/,4
2013-03-15,The Conversation,1974,https://letterboxd.com/film/the-conversation/,4.5
2013-03-16,13 Assassins,2010,https://letterboxd.com/film/13-assassins/,3.5
2013-03-17,What's Eating Gilbert Grape,1993,https://letterboxd.com/film/whats-eating-gilbert-grape/,3
2013-03-17,The Great Mouse Detective,1986,https://letterboxd.com/film/the-great-mouse-detective/,3.5
2013-03-17,Hellraiser,1987,https://letterboxd.com/film/hellraiser/,3.5
2013-03-18,Lost in Translation,2003,https://letterboxd.com/film/lost-in-translation/,3.5
2013-03-18,Gosford Park,2001,https://letterboxd.com/film/gosford-park/,4
2013-03-19,Safety Last!,1923,https://letterboxd.com/film/safety-last/,5
2013-03-19,Fearless,2006,https://letterboxd.com/film/fearless-2006/,2.5
2013-03-19,Funny Face,1957,https://letterboxd.com/film/funny-face/,4
2013-03-20,Dead Man,1995,https://letterboxd.com/film/dead-man/,4
2013-03-21,The Eagleman Stag,2011,https://letterboxd.com/film/the-eagleman-stag/,4.5
2013-03-21,Black Hawk Down,2001,https://letterboxd.com/film/black-hawk-down/,3.5
2013-03-22,Brick,2005,https://letterboxd.com/film/brick/,4
2013-03-22,Pan's Labyrinth,2006,https://letterboxd.com/film/pans-labyrinth/,4.5
2013-03-22,Hara-Kiri: Death of a Samurai,2011,https://letterboxd.com/film/hara-kiri-death-of-a-samurai/,4.5
2013-03-23,The Hunt for Red October,1990,https://letterboxd.com/film/the-hunt-for-red-october/,4
2013-03-23,Mission: Impossible - Ghost Protocol,2011,https://letterboxd.com/film/mission-impossible-ghost-protocol/,3.5
2013-03-23,Quantum of Solace,2008,https://letterboxd.com/film/quantum-of-solace/,3
2013-03-23,Side by Side,2012,https://letterboxd.com/film/side-by-side-2012/,4
2013-03-24,Examined Life,2008,https://letterboxd.com/film/examined-life/,3
2013-03-24,Cronos,1993,https://letterboxd.com/film/cronos/,4
2013-03-24,Gun Crazy,1950,https://letterboxd.com/film/gun-crazy/,3.5
2013-03-25,Red Dragon,2002,https://letterboxd.com/film/red-dragon/,4
2013-03-26,The Assassination of Jesse James by the Coward Robert Ford,2007,https://letterboxd.com/film/the-assassination-of-jesse-james-by-the-coward-robert-ford/,4
2013-03-27,Evil Dead,2013,https://letterboxd.com/film/evil-dead/,4
2013-03-29,Permanent Vacation,1980,https://letterboxd.com/film/permanent-vacation/,3.5
2013-03-30,Olympus Has Fallen,2013,https://letterboxd.com/film/olympus-has-fallen/,3
2013-03-31,The A-Team,2010,https://letterboxd.com/film/the-a-team/,3
2013-04-01,Fishing with John,1991,https://letterboxd.com/film/fishing-with-john/,4
2013-04-02,Game of thrones,,,4
2013-04-02,Spider,2007,https://letterboxd.com/film/spider-2007/,3.5
2013-04-02,Dr. No,1962,https://letterboxd.com/film/dr-no/,3.5
2013-04-03,Destino,2003,https://letterboxd.com/film/destino/,4.5
2013-04-05,Three Kings,1999,https://letterboxd.com/film/three-kings/,4.5
2013-04-06,They Caught the Ferry,1948,https://letterboxd.com/film/they-caught-the-ferry/,3.5
2013-04-07,The Croods,2013,https://letterboxd.com/film/the-croods/,3
2013-04-07,Anchorman: The Legend of Ron Burgundy,2004,https://letterboxd.com/film/anchorman-the-legend-of-ron-burgundy/,4
2013-04-08,House of Flying Daggers,2004,https://letterboxd.com/film/house-of-flying-daggers/,3.5
2013-04-09,The Last Temptation of Christ,1988,https://letterboxd.com/film/the-last-temptation-of-christ/,4.5
2013-04-11,The Descent,2005,https://letterboxd.com/film/the-descent/,3.5
2013-04-12,La Jetée,1962,https://letterboxd.com/film/la-jetee/,5
2013-04-12,Elephant,1989,https://letterboxd.com/film/elephant/,2
2013-04-12,Pineapple Express,2008,https://letterboxd.com/film/pineapple-express/,3
2013-04-12,Children of Heaven,1997,https://letterboxd.com/film/children-of-heaven/,4.5
2013-04-12,Raising Arizona,1987,https://letterboxd.com/film/raising-arizona/,4
2013-04-13,Scott Pilgrim vs. the World,2010,https://letterboxd.com/film/scott-pilgrim-vs-the-world/,3.5
2013-04-13,Memories,1995,https://letterboxd.com/film/memories/,3.5
2013-04-13,Team America: World Police,2004,https://letterboxd.com/film/team-america-world-police/,4
2013-04-13,The Thing,1982,https://letterboxd.com/film/the-thing/,4
2013-04-14,Office Space,1999,https://letterboxd.com/film/office-space/,3.5
2013-04-14,Louis C.K.: Oh My God,2013,https://letterboxd.com/film/louis-ck-oh-my-god/,4.5
2013-04-16,Blinky™,2011,https://letterboxd.com/film/blinky/,3.5
2013-04-16,The Man Who Knew Too Much,1956,https://letterboxd.com/film/the-man-who-knew-too-much-1956/,3
2013-04-17,Whisper of the Heart,1995,https://letterboxd.com/film/whisper-of-the-heart/,2.5
2013-04-17,The Fear of God: 25 Years of The Exorcist,1998,https://letterboxd.com/film/the-fear-of-god-25-years-of-the-exorcist/,4
2013-04-19,Love Exists,1960,https://letterboxd.com/film/love-exists/,4.5
2013-04-19,City of God,2002,https://letterboxd.com/film/city-of-god/,5
2013-04-19,Werner Herzog Eats His Shoe,1980,https://letterboxd.com/film/werner-herzog-eats-his-shoe/,4
2013-04-19,Gates of Heaven,1978,https://letterboxd.com/film/gates-of-heaven/,4.5
2013-04-20,Cops,1922,https://letterboxd.com/film/cops/,4
2013-04-23,Fantastic Mr. Fox,2009,https://letterboxd.com/film/fantastic-mr-fox/,5
2013-04-23,Four Lions,2010,https://letterboxd.com/film/four-lions/,4
2013-04-23,Spirited Away,2001,https://letterboxd.com/film/spirited-away/,5
2013-04-24,Neighbours,1952,https://letterboxd.com/film/neighbours/,4
2013-04-24,Jigoku,1960,https://letterboxd.com/film/jigoku/,3
2013-04-25,House,1977,https://letterboxd.com/film/house/,3.5
2013-04-26,The Dark Knight,2008,https://letterboxd.com/film/the-dark-knight/,4
2013-04-26,Goldfinger,1964,https://letterboxd.com/film/goldfinger/,4
2013-04-27,The Place Beyond the Pines,2012,https://letterboxd.com/film/the-place-beyond-the-pines/,3.5
2013-04-28,The Room,2003,https://letterboxd.com/film/the-room/,0.5
2013-04-28,The Eagle,2011,https://letterboxd.com/film/the-eagle/,2.5
2013-04-29,The General,1926,https://letterboxd.com/film/the-general/,4.5
2013-05-03,ABE,2013,https://letterboxd.com/film/abe/,3
2013-05-03,Primer,2004,https://letterboxd.com/film/primer/,4
2013-05-04,Iron Man 3,2013,https://letterboxd.com/film/iron-man-3/,3.5
2013-05-04,Star Wars: Episode II - Attack of the Clones,2002,https://letterboxd.com/film/star-wars-episode-ii-attack-of-the-clones/,1
2013-05-05,Ocean's Eleven,2001,https://letterboxd.com/film/oceans-eleven-2001/,3.5
2013-05-05,The Cameraman,1928,https://letterboxd.com/film/the-cameraman/,4
2013-05-06,There Once Was a Dog,1982,https://letterboxd.com/film/there-once-was-a-dog/,4
2013-05-06,Ace Ventura: Pet Detective,1994,https://letterboxd.com/film/ace-ventura-pet-detective/,3
2013-05-06,Ringu,1998,https://letterboxd.com/film/ringu/,3.5
2013-05-06,A Trip to the Moon,1902,https://letterboxd.com/film/a-trip-to-the-moon/,4.5
2013-05-07,Melancholia,2011,https://letterboxd.com/film/melancholia/,4.5
2013-05-08,3:10 to Yuma,2007,https://letterboxd.com/film/310-to-yuma-2007/,3.5
2013-05-09,12 Angry Men,1957,https://letterboxd.com/film/12-angry-men/,5
2013-05-10,Holy Motors,2012,https://letterboxd.com/film/holy-motors/,4
2013-05-13,The Secret World of Arrietty,2010,https://letterboxd.com/film/the-secret-world-of-arrietty/,3.5
2013-05-13,John Q,2002,https://letterboxd.com/film/john-q/,2.5
2013-05-13,The Imaginarium of Doctor Parnassus,2009,https://letterboxd.com/film/the-imaginarium-of-doctor-parnassus/,2
2013-05-15,The Expendables,2010,https://letterboxd.com/film/the-expendables/,2
2013-05-15,Saving Private Ryan,1998,https://letterboxd.com/film/saving-private-ryan/,4
2013-05-15,Ikiru,1952,https://letterboxd.com/film/ikiru/,5
2013-05-17,Dogtooth,2009,https://letterboxd.com/film/dogtooth/,3.5
2013-05-17,Zero Dark Thirty,2012,https://letterboxd.com/film/zero-dark-thirty/,3.5
2013-05-19,There's Something About Mary,1998,https://letterboxd.com/film/theres-something-about-mary/,1.5
2013-05-19,Dragon Ball Z: Lord Slug,1991,https://letterboxd.com/film/dragon-ball-z-lord-slug/,3.5
2013-05-19,Tommy Boy,1995,https://letterboxd.com/film/tommy-boy/,3.5
2013-05-22,Persona,1966,https://letterboxd.com/film/persona/,4.5
2013-05-22,Lawless,2012,https://letterboxd.com/film/lawless/,3
2013-05-24,Wings of Desire,1987,https://letterboxd.com/film/wings-of-desire/,5
2013-05-24,Night on Earth,1991,https://letterboxd.com/film/night-on-earth/,4.5
2013-05-25,Pitch Black,2000,https://letterboxd.com/film/pitch-black/,2
2013-05-25,Billy Madison,1995,https://letterboxd.com/film/billy-madison/,1
2013-05-25,Torn Curtain,1966,https://letterboxd.com/film/torn-curtain/,3
2013-05-26,Epic,2013,https://letterboxd.com/film/epic/,3
2013-05-28,Wedding Crashers,2005,https://letterboxd.com/film/wedding-crashers/,2.5
2013-05-28,Scarface,1983,https://letterboxd.com/film/scarface-1983/,4
2013-05-29,Pina,2011,https://letterboxd.com/film/pina/,4
2013-06-02,An American Tail,1986,https://letterboxd.com/film/an-american-tail/,3
2013-06-04,Manos: The Hands of Fate,1966,https://letterboxd.com/film/manos-the-hands-of-fate/,0.5
2013-06-05,The Godfather: Part II,1974,https://letterboxd.com/film/the-godfather-part-ii/,4.5
2013-06-12,Fantasia,1940,https://letterboxd.com/film/fantasia/,4
2013-06-13,Jurassic Park,1993,https://letterboxd.com/film/jurassic-park/,4
2013-06-15,Eragon,2006,https://letterboxd.com/film/eragon/,1
2013-06-16,Prometheus,2012,https://letterboxd.com/film/prometheus/,3.5
2013-06-17,Man of Steel,2013,https://letterboxd.com/film/man-of-steel/,2
2013-06-19,Rope,1948,https://letterboxd.com/film/rope/,4.5
2013-06-20,An Education,2009,https://letterboxd.com/film/an-education/,4
2013-06-22,Punch-Drunk Love,2002,https://letterboxd.com/film/punch-drunk-love/,5
2013-06-23,I Saw the Devil,2010,https://letterboxd.com/film/i-saw-the-devil/,4
2013-07-01,City Lights,1931,https://letterboxd.com/film/city-lights/,4.5
2013-07-03,The Wrong Trousers,1993,https://letterboxd.com/film/the-wrong-trousers/,4
2013-07-08,Paprika,2006,https://letterboxd.com/film/paprika-2006/,4
2013-07-15,Pacific Rim,2013,https://letterboxd.com/film/pacific-rim/,3.5
2013-07-16,Now You See Me,2013,https://letterboxd.com/film/now-you-see-me/,2
2013-07-30,The Wolverine,2013,https://letterboxd.com/film/the-wolverine/,3
2013-07-30,Sucker Punch,2011,https://letterboxd.com/film/sucker-punch/,1.5
2013-07-31,The Rules of the Game,1939,https://letterboxd.com/film/the-rules-of-the-game/,5
2013-08-01,The Apartment,1960,https://letterboxd.com/film/the-apartment/,5
2013-08-06,Valhalla Rising,2009,https://letterboxd.com/film/valhalla-rising/,3
2013-08-17,Searching for Sugar Man,2012,https://letterboxd.com/film/searching-for-sugar-man/,4
2013-08-17,The Big Sleep,1946,https://letterboxd.com/film/the-big-sleep/,4.5
2013-08-17,A Knight's Tale,2001,https://letterboxd.com/film/a-knights-tale/,3
2013-08-17,42,2013,https://letterboxd.com/film/42/,2.5
2013-08-17,Dumb and Dumber,1994,https://letterboxd.com/film/dumb-and-dumber/,3.5
2013-08-18,The Act of Killing,2012,https://letterboxd.com/film/the-act-of-killing/,5
2013-08-19,Spook Sport,1940,https://letterboxd.com/film/spook-sport/,4.5
2013-08-21,Synchromy,1971,https://letterboxd.com/film/synchromy/,4
2013-08-21,Loops,1940,https://letterboxd.com/film/loops/,4
2013-08-23,Jesus Camp,2006,https://letterboxd.com/film/jesus-camp/,2.5
2013-08-25,The World's End,2013,https://letterboxd.com/film/the-worlds-end/,4
2013-09-02,Burn After Reading,2008,https://letterboxd.com/film/burn-after-reading/,4
2013-09-04,It's a Bird,1930,https://letterboxd.com/film/its-a-bird/,4.5
2013-09-04,"Pete Holmes: Nice Try, the Devil!",2013,https://letterboxd.com/film/pete-holmes-nice-try-the-devil/,4
2013-09-20,You're Next,2011,https://letterboxd.com/film/youre-next/,2.5
2013-09-27,The Ring,2002,https://letterboxd.com/film/the-ring-2002/,3.5
2013-10-02,This Is the End,2013,https://letterboxd.com/film/this-is-the-end/,3.5
2013-10-05,The Count of Monte Cristo,2002,https://letterboxd.com/film/the-count-of-monte-cristo-2002/,3
2013-10-07,V/H/S,2012,https://letterboxd.com/film/v-h-s/,1.5
2013-10-08,Gravity,2013,https://letterboxd.com/film/gravity-2013/,3.5
2013-10-13,Blue Jasmine,2013,https://letterboxd.com/film/blue-jasmine/,4
2013-10-14,The Sting,1973,https://letterboxd.com/film/the-sting/,4
2013-10-18,Country Music,2011,https://letterboxd.com/film/country-music-2011/,1
2013-10-18,The Cat Piano,2009,https://letterboxd.com/film/the-cat-piano/,4
2013-10-19,The Conjuring,2013,https://letterboxd.com/film/the-conjuring/,4
2013-10-21,Hulk vs. Thor,2009,https://letterboxd.com/film/hulk-vs-thor/,2
2013-10-21,Hulk vs. Wolverine,2009,https://letterboxd.com/film/hulk-vs-wolverine/,2.5
2013-10-22,Princess Mononoke,1997,https://letterboxd.com/film/princess-mononoke/,5
2013-10-27,The Hidden Face,2011,https://letterboxd.com/film/the-hidden-face/,3
2013-11-06,Harry Potter and the Philosopher's Stone,2001,https://letterboxd.com/film/harry-potter-and-the-philosophers-stone/,3.5
2013-11-07,Harry Potter and the Chamber of Secrets,2002,https://letterboxd.com/film/harry-potter-and-the-chamber-of-secrets/,3.5
2013-11-09,Harry Potter and the Prisoner of Azkaban,2004,https://letterboxd.com/film/harry-potter-and-the-prisoner-of-azkaban/,4.5
2013-11-10,Harry Potter and the Goblet of Fire,2005,https://letterboxd.com/film/harry-potter-and-the-goblet-of-fire/,3
2013-11-10,"Batman: The Dark Knight Returns, Part 1",2012,https://letterboxd.com/film/batman-the-dark-knight-returns-part-1/,4
2013-11-11,"Batman: The Dark Knight Returns, Part 2",2013,https://letterboxd.com/film/batman-the-dark-knight-returns-part-2/,4
2013-11-11,Pixels,2010,https://letterboxd.com/film/pixels/,4
2013-11-12,Reggie Watts: Why Shit So Crazy?,2010,https://letterboxd.com/film/reggie-watts-why-shit-so-crazy/,4
2013-11-12,Harry Potter and the Order of the Phoenix,2007,https://letterboxd.com/film/harry-potter-and-the-order-of-the-phoenix/,3
2013-11-14,Harry Potter and the Half-Blood Prince,2009,https://letterboxd.com/film/harry-potter-and-the-half-blood-prince/,4
2013-11-16,Harry Potter and the Deathly Hallows: Part 1,2010,https://letterboxd.com/film/harry-potter-and-the-deathly-hallows-part-1/,3.5
2013-11-17,Harry Potter and the Deathly Hallows: Part 2,2011,https://letterboxd.com/film/harry-potter-and-the-deathly-hallows-part-2/,3.5
2013-11-21,Samsara,2011,https://letterboxd.com/film/samsara-2011/,3.5
2013-11-24,Porco Rosso,1992,https://letterboxd.com/film/porco-rosso/,4
2013-11-29,The Way Back,2010,https://letterboxd.com/film/the-way-back/,2.5
2013-12-01,The Hunger Games: Catching Fire,2013,https://letterboxd.com/film/the-hunger-games-catching-fire/,3
2013-12-04,Stalker,1979,https://letterboxd.com/film/stalker/,5
2013-12-07,Indie Game: The Movie,2012,https://letterboxd.com/film/indie-game-the-movie/,3.5
2013-12-11,The Girl Who Played with Fire,2009,https://letterboxd.com/film/the-girl-who-played-with-fire/,4
2013-12-14,Much Ado About Nothing,2012,https://letterboxd.com/film/much-ado-about-nothing-2012/,4
2013-12-15,A Man for All Seasons,1966,https://letterboxd.com/film/a-man-for-all-seasons/,3.5
2013-12-28,The Wolf of Wall Street,2013,https://letterboxd.com/film/the-wolf-of-wall-street/,2.5
2013-12-30,The Hobbit: The Desolation of Smaug,2013,https://letterboxd.com/film/the-hobbit-the-desolation-of-smaug/,1
2013-12-30,For a Few Dollars More,1965,https://letterboxd.com/film/for-a-few-dollars-more/,4
2014-01-03,Fracture,2007,https://letterboxd.com/film/fracture/,2.5
2014-01-03,American Hustle,2013,https://letterboxd.com/film/american-hustle/,3.5
2014-01-07,The Man from Nowhere,2010,https://letterboxd.com/film/the-man-from-nowhere/,3.5
2014-01-08,12 Years a Slave,2013,https://letterboxd.com/film/12-years-a-slave/,4.5
2014-01-20,Side Effects,2013,https://letterboxd.com/film/side-effects-2013/,3
2014-01-20,Stoker,2013,https://letterboxd.com/film/stoker/,2
2014-01-24,The Girl Who Kicked the Hornet's Nest,2009,https://letterboxd.com/film/the-girl-who-kicked-the-hornets-nest/,2
2014-01-29,The Earrings of Madame de...,1953,https://letterboxd.com/film/the-earrings-of-madame-de/,4.5
2014-01-31,The Cat in the Hat,2003,https://letterboxd.com/film/the-cat-in-the-hat-2003/,1.5
2014-01-31,X-Men: First Class,2011,https://letterboxd.com/film/x-men-first-class/,2.5
2014-02-06,"The Good, the Bad and the Ugly",1966,https://letterboxd.com/film/the-good-the-bad-and-the-ugly/,4.5
2014-02-06,Futurama: Into the Wild Green Yonder,2009,https://letterboxd.com/film/futurama-into-the-wild-green-yonder/,3.5
2014-02-11,The Man Who Knew Too Much,1934,https://letterboxd.com/film/the-man-who-knew-too-much/,3.5
2014-02-11,The Lego Movie,2014,https://letterboxd.com/film/the-lego-movie/,4.5
2014-02-12,Willy Wonka & the Chocolate Factory,1971,https://letterboxd.com/film/willy-wonka-the-chocolate-factory/,4.5
2014-02-13,Ernest & Celestine,2012,https://letterboxd.com/film/ernest-celestine/,4
2014-02-24,Airplane!,1980,https://letterboxd.com/film/airplane/,4
2014-02-27,The Queen of Versailles,2012,https://letterboxd.com/film/the-queen-of-versailles/,4
2014-03-01,Apocalypto,2006,https://letterboxd.com/film/apocalypto/,2.5
2014-03-02,The Wind Rises,2013,https://letterboxd.com/film/the-wind-rises/,4.5
2014-03-09,Star Wars: The Clone Wars,2008,https://letterboxd.com/film/star-wars-the-clone-wars/,2.5
2014-03-09,Spaceballs,1987,https://letterboxd.com/film/spaceballs/,3.5
2014-03-14,Upstream Color,2013,https://letterboxd.com/film/upstream-color/,4
2014-03-15,Mystery Train,1989,https://letterboxd.com/film/mystery-train/,4
2014-03-29,The Untouchables,1987,https://letterboxd.com/film/the-untouchables/,4
2014-03-30,The Grand Budapest Hotel,2014,https://letterboxd.com/film/the-grand-budapest-hotel/,5
2014-04-07,Fire in the Sky,1993,https://letterboxd.com/film/fire-in-the-sky/,2.5
2014-04-15,Broken Flowers,2005,https://letterboxd.com/film/broken-flowers/,2.5
2014-04-17,The Grandmaster,2013,https://letterboxd.com/film/the-grandmaster/,3.5
2014-04-17,The Raid,2011,https://letterboxd.com/film/the-raid-2011/,3.5
2014-04-24,Lawrence of Arabia,1962,https://letterboxd.com/film/lawrence-of-arabia/,5
2014-04-26,Captain America: The Winter Soldier,2014,https://letterboxd.com/film/captain-america-the-winter-soldier/,2.5
2014-05-09,High and Low,1963,https://letterboxd.com/film/high-and-low/,4
2014-05-18,Brick Mansions,2014,https://letterboxd.com/film/brick-mansions/,1.5
2014-05-18,Half Baked,1998,https://letterboxd.com/film/half-baked/,1.5
2014-05-18,L.A. Confidential,1997,https://letterboxd.com/film/la-confidential/,4.5
2014-05-20,Godzilla,2014,https://letterboxd.com/film/godzilla-2014/,3.5
2014-05-21,Planet Terror,2007,https://letterboxd.com/film/planet-terror/,3.5
2014-05-21,Cirque du Freak: The Vampire's Assistant,2009,https://letterboxd.com/film/cirque-du-freak-the-vampires-assistant/,1.5
2014-05-21,Waxwork,1988,https://letterboxd.com/film/waxwork/,1
2014-05-24,Eight Legged Freaks,2002,https://letterboxd.com/film/eight-legged-freaks/,3.5
2014-05-27,X-Men: Days of Future Past,2014,https://letterboxd.com/film/x-men-days-of-future-past/,4
2014-05-27,Alvin and the Chipmunks,2007,https://letterboxd.com/film/alvin-and-the-chipmunks/,2
2014-05-27,Despicable Me 2,2013,https://letterboxd.com/film/despicable-me-2/,3
2014-05-30,Only Lovers Left Alive,2013,https://letterboxd.com/film/only-lovers-left-alive/,5
2014-05-31,Frozen,2013,https://letterboxd.com/film/frozen-2013/,3
2014-06-03,Rushmore,1998,https://letterboxd.com/film/rushmore/,4.5
2014-06-03,Commando,1985,https://letterboxd.com/film/commando/,2
2014-06-03,Predator,1987,https://letterboxd.com/film/predator/,2
2014-06-03,The Incredibles,2004,https://letterboxd.com/film/the-incredibles/,4.5
2014-06-08,The Maker,2011,https://letterboxd.com/film/the-maker-2011/,3.5
2014-06-15,Big Trouble in Little China,1986,https://letterboxd.com/film/big-trouble-in-little-china/,4
2014-06-26,Akira,1988,https://letterboxd.com/film/akira/,4
2014-07-04,Ragamuffin,2014,https://letterboxd.com/film/ragamuffin/,1.5
2014-07-04,The Village,2004,https://letterboxd.com/film/the-village/,1.5
2014-07-24,Edge of Tomorrow,2014,https://letterboxd.com/film/edge-of-tomorrow/,3.5
2014-07-27,The Raid 2,2014,https://letterboxd.com/film/the-raid-2/,3.5
2014-07-30,The Wizard of Oz,1939,https://letterboxd.com/film/the-wizard-of-oz-1939/,4
2014-07-31,A Most Wanted Man,2014,https://letterboxd.com/film/a-most-wanted-man/,2
2014-08-08,Arlington Road,1999,https://letterboxd.com/film/arlington-road/,3
2014-08-08,Guardians of the Galaxy,2014,https://letterboxd.com/film/guardians-of-the-galaxy/,4
2014-08-10,Mad Max,1979,https://letterboxd.com/film/mad-max/,2.5
2014-08-13,The Fisher King,1991,https://letterboxd.com/film/the-fisher-king/,4.5
2014-08-17,Boyhood,2014,https://letterboxd.com/film/boyhood/,5
2014-08-25,Sin City: A Dame to Kill For,2014,https://letterboxd.com/film/sin-city-a-dame-to-kill-for/,1
2014-09-02,The Prestige,2006,https://letterboxd.com/film/the-prestige/,4
2014-09-06,Summer Wars,2009,https://letterboxd.com/film/summer-wars/,3.5
2014-09-18,"O Brother, Where Art Thou?",2000,https://letterboxd.com/film/o-brother-where-art-thou/,4.5
2014-09-24,Tusk,2014,https://letterboxd.com/film/tusk-2014/,3
2014-09-26,Monty Python and the Holy Grail,1975,https://letterboxd.com/film/monty-python-and-the-holy-grail/,3.5
2014-09-27,A Clockwork Orange,1971,https://letterboxd.com/film/a-clockwork-orange/,3
2014-09-30,Freedom Summer,2014,https://letterboxd.com/film/freedom-summer/,3.5
2014-10-02,Snowpiercer,2013,https://letterboxd.com/film/snowpiercer/,4
2014-10-12,Gone Girl,2014,https://letterboxd.com/film/gone-girl/,5
2014-10-13,Robin Hood: Men in Tights,1993,https://letterboxd.com/film/robin-hood-men-in-tights/,2.5
2014-10-14,Her,2013,https://letterboxd.com/film/her/,5
2014-10-24,Ghost in the Shell,1995,https://letterboxd.com/film/ghost-in-the-shell/,3
2014-11-02,The Babadook,2014,https://letterboxd.com/film/the-babadook/,4.5
2014-11-02,Back to the Future,1985,https://letterboxd.com/film/back-to-the-future/,4
2014-11-02,Repo Man,1984,https://letterboxd.com/film/repo-man/,4
2014-11-06,Back to the Future Part II,1989,https://letterboxd.com/film/back-to-the-future-part-ii/,3.5
2014-11-09,Too Many Cooks,2014,https://letterboxd.com/film/too-many-cooks-2014/,4
2014-11-13,Birdman,2014,https://letterboxd.com/film/birdman/,4.5
2014-11-17,Back to the Future Part III,1990,https://letterboxd.com/film/back-to-the-future-part-iii/,4
2014-11-20,Lux: Redux,2014,https://letterboxd.com/film/lux-redux/,3.5
2014-11-28,The Fifth Element,1997,https://letterboxd.com/film/the-fifth-element/,4
2014-11-28,Space Jam,1996,https://letterboxd.com/film/space-jam/,3.5
2014-11-29,The Mission,1986,https://letterboxd.com/film/the-mission/,3
2014-12-04,Almost Famous,2000,https://letterboxd.com/film/almost-famous/,4
2014-12-04,Pi,1998,https://letterboxd.com/film/pi/,3
2014-12-25,Big Hero 6,2014,https://letterboxd.com/film/big-hero-6/,3.5
2014-12-30,The Giver,2014,https://letterboxd.com/film/the-giver/,2
2014-12-30,Mulholland Drive,2001,https://letterboxd.com/film/mulholland-drive/,5
2015-01-02,Letter from an Unknown Woman,1948,https://letterboxd.com/film/letter-from-an-unknown-woman/,4
2015-01-04,Zombieland,2009,https://letterboxd.com/film/zombieland/,3.5
2015-01-11,Selma,2014,https://letterboxd.com/film/selma/,3
2015-01-11,How to Train Your Dragon 2,2014,https://letterboxd.com/film/how-to-train-your-dragon-2/,4
2015-01-11,Before Sunrise,1995,https://letterboxd.com/film/before-sunrise/,5
2015-01-12,Blue Ruin,2013,https://letterboxd.com/film/blue-ruin/,3.5
2015-01-18,The Muppet Movie,1979,https://letterboxd.com/film/the-muppet-movie/,4
2015-01-20,The Island,2006,https://letterboxd.com/film/the-island-2006/,3.5
2015-01-25,Frank,2014,https://letterboxd.com/film/frank-2014/,4
2015-01-25,The Blues Brothers,1980,https://letterboxd.com/film/the-blues-brothers/,3.5
2015-01-25,The Secret of Kells,2009,https://letterboxd.com/film/the-secret-of-kells/,4.5
2015-02-02,Little Shop of Horrors,1986,https://letterboxd.com/film/little-shop-of-horrors/,3
2015-02-02,Teenage Mutant Ninja Turtles,1990,https://letterboxd.com/film/teenage-mutant-ninja-turtles/,2.5
2015-02-08,Calvary,2014,https://letterboxd.com/film/calvary/,5
2015-02-10,The Naked Gun: From the Files of Police Squad!,1988,https://letterboxd.com/film/the-naked-gun-from-the-files-of-police-squad/,3.5
2015-02-23,It's Such a Beautiful Day,2012,https://letterboxd.com/film/its-such-a-beautiful-day/,4
2015-02-23,Bill & Ted's Excellent Adventure,1989,https://letterboxd.com/film/bill-teds-excellent-adventure/,3.5
2015-03-01,Whiplash,2014,https://letterboxd.com/film/whiplash-2014/,4.5
2015-03-01,Brazil,1985,https://letterboxd.com/film/brazil/,5
2015-03-07,Interstellar,2014,https://letterboxd.com/film/interstellar/,3
2015-03-16,Evangelion: 1.0 You Are (Not) Alone,2007,https://letterboxd.com/film/evangelion-10-you-are-not-alone/,3.5
2015-03-31,Man on Wire,2008,https://letterboxd.com/film/man-on-wire/,4.5
2015-04-04,Song of the Sea,2014,https://letterboxd.com/film/song-of-the-sea/,4
2015-04-07,The Star Wars Holiday Special,1978,https://letterboxd.com/film/the-star-wars-holiday-special/,0.5
2015-04-27,Robin Hood,1973,https://letterboxd.com/film/robin-hood/,4
2015-05-08,World of Tomorrow,2015,https://letterboxd.com/film/world-of-tomorrow/,4
2015-05-08,Inherent Vice,2014,https://letterboxd.com/film/inherent-vice/,4
2015-05-13,Seven Samurai,1954,https://letterboxd.com/film/seven-samurai/,4
2015-05-15,Mad Max 2,1981,https://letterboxd.com/film/mad-max-2/,3.5
2015-05-15,Citizenfour,2014,https://letterboxd.com/film/citizenfour/,4
2015-05-19,Mad Max: Fury Road,2015,https://letterboxd.com/film/mad-max-fury-road/,5
2015-05-25,Dallas Buyers Club,2013,https://letterboxd.com/film/dallas-buyers-club/,4
2015-05-26,Young Frankenstein,1974,https://letterboxd.com/film/young-frankenstein/,2
2015-05-30,Good Will Hunting,1997,https://letterboxd.com/film/good-will-hunting/,4
2015-05-31,Kung Pow: Enter the Fist,2002,https://letterboxd.com/film/kung-pow-enter-the-fist/,3.5
2015-05-31,Kung Fury,2015,https://letterboxd.com/film/kung-fury/,2
2015-06-11,A Girl Walks Home Alone at Night,2014,https://letterboxd.com/film/a-girl-walks-home-alone-at-night/,4
2015-06-11,The Exorcist,1973,https://letterboxd.com/film/the-exorcist/,4
2015-06-22,Nightcrawler,2014,https://letterboxd.com/film/nightcrawler/,4
2015-06-24,Lava,2014,https://letterboxd.com/film/lava-2014/,2
2015-06-24,Inside Out,2015,https://letterboxd.com/film/inside-out-2015/,4
2015-06-24,Blue Velvet,1986,https://letterboxd.com/film/blue-velvet/,4
2015-07-01,Baraka,1992,https://letterboxd.com/film/baraka/,5
2015-07-04,The Girl with the Dragon Tattoo,2009,https://letterboxd.com/film/the-girl-with-the-dragon-tattoo/,4.5
2015-07-17,Lessons in Dissent,2014,https://letterboxd.com/film/lessons-in-dissent/,3
2015-07-24,Leprechaun in the Hood,2000,https://letterboxd.com/film/leprechaun-in-the-hood/,1
2015-07-24,Ai Weiwei: Never Sorry,2012,https://letterboxd.com/film/ai-weiwei-never-sorry/,3.5
2015-08-04,Mission: Impossible - Rogue Nation,2015,https://letterboxd.com/film/mission-impossible-rogue-nation/,4
2015-08-06,Solaris,1972,https://letterboxd.com/film/solaris/,4.5
2015-08-24,Straight Outta Compton,2015,https://letterboxd.com/film/straight-outta-compton/,4
2015-09-30,Tokyo Story,1953,https://letterboxd.com/film/tokyo-story/,5
2015-10-13,Ex Machina,2014,https://letterboxd.com/film/ex-machina-2014/,3.5
2015-11-26,PlayTime,1967,https://letterboxd.com/film/playtime/,4
2015-11-30,Battles Without Honor and Humanity,1973,https://letterboxd.com/film/battles-without-honor-and-humanity/,4
2015-12-08,Duck Amuck,1953,https://letterboxd.com/film/duck-amuck/,4
2015-12-08,Duck Dodgers in the 24½th Century,1953,https://letterboxd.com/film/duck-dodgers-in-the-24th-century/,4
2015-12-08,Dimensions of Dialogue,1983,https://letterboxd.com/film/dimensions-of-dialogue/,4.5
2015-12-10,A Touch of Sin,2013,https://letterboxd.com/film/a-touch-of-sin/,4
2015-12-12,Over the Garden Wall,2014,https://letterboxd.com/film/over-the-garden-wall-2014/,4.5
2015-12-23,Star Wars: The Force Awakens,2015,https://letterboxd.com/film/star-wars-the-force-awakens/,4
2015-12-23,Ant-Man,2015,https://letterboxd.com/film/ant-man/,2.5
2016-01-03,The Hateful Eight,2015,https://letterboxd.com/film/the-hateful-eight/,4
2016-01-04,The Martian,2015,https://letterboxd.com/film/the-martian/,4
2016-01-08,The Revenant,2015,https://letterboxd.com/film/the-revenant-2015/,4.5
2016-01-11,Spectre,2015,https://letterboxd.com/film/spectre-2015/,3.5
2016-01-19,The Sacrifice,1986,https://letterboxd.com/film/the-sacrifice/,5
2016-01-21,Easy A,2010,https://letterboxd.com/film/easy-a/,3
2016-02-08,Bernie,2011,https://letterboxd.com/film/bernie-2011/,4
2016-02-08,"Hail, Caesar!",2016,https://letterboxd.com/film/hail-caesar-2016/,4
2016-02-12,White Man's Burden,1995,https://letterboxd.com/film/white-mans-burden/,1
2016-03-19,Barbie as The Princess & the Pauper,2004,https://letterboxd.com/film/barbie-as-the-princess-and-the-pauper/,1.5
2016-03-19,God's Not Dead,2014,https://letterboxd.com/film/gods-not-dead/,2
2016-03-24,Prayers for Bobby,2009,https://letterboxd.com/film/prayers-for-bobby/,2
2016-05-05,God's Not Dead 2,2016,https://letterboxd.com/film/gods-not-dead-2/,2
2016-05-23,Goosebumps,2015,https://letterboxd.com/film/goosebumps/,2
2016-06-14,The Witch,2015,https://letterboxd.com/film/the-witch-2015/,4.5
2016-06-20,Zootopia,2016,https://letterboxd.com/film/zootopia/,3.5
2016-07-04,Captain America: Civil War,2016,https://letterboxd.com/film/captain-america-civil-war/,3.5
2016-07-12,The Adjustment Bureau,2011,https://letterboxd.com/film/the-adjustment-bureau/,2
2016-08-17,About Elly,2009,https://letterboxd.com/film/about-elly/,4.5
2016-08-31,Don't Breathe,2016,https://letterboxd.com/film/dont-breathe-2016/,3.5
2016-09-08,Carol,2015,https://letterboxd.com/film/carol-2015/,3.5
2016-09-10,Lilo & Stitch,2002,https://letterboxd.com/film/lilo-stitch/,3.5
2016-12-03,Arrival,2016,https://letterboxd.com/film/arrival-2016/,4
2016-12-27,Doctor Strange,2016,https://letterboxd.com/film/doctor-strange-2016/,3
2016-12-27,Rogue One: A Star Wars Story,2016,https://letterboxd.com/film/rogue-one-a-star-wars-story/,3.5
2016-12-27,The Book of Life,2014,https://letterboxd.com/film/the-book-of-life-2014/,3.5
2016-12-27,X-Men: Apocalypse,2016,https://letterboxd.com/film/x-men-apocalypse/,2
2016-12-28,Jack Reacher,2012,https://letterboxd.com/film/jack-reacher/,3
2016-12-29,Mustang,2015,https://letterboxd.com/film/mustang-2015/,3.5
2017-01-02,Kubo and the Two Strings,2016,https://letterboxd.com/film/kubo-and-the-two-strings/,4
2017-01-05,Never Let Me Go,2010,https://letterboxd.com/film/never-let-me-go-2010/,2
2017-01-22,Moonlight,2016,https://letterboxd.com/film/moonlight-2016/,4.5
2017-01-23,Brooklyn,2015,https://letterboxd.com/film/brooklyn/,3.5
2017-01-28,In the Mood for Love,2000,https://letterboxd.com/film/in-the-mood-for-love/,4
2017-02-05,Watership Down,1978,https://letterboxd.com/film/watership-down/,4
2017-02-05,The Machinist,2004,https://letterboxd.com/film/the-machinist/,3.5
2017-02-05,The Secret of NIMH,1982,https://letterboxd.com/film/the-secret-of-nimh/,4
2017-02-05,The Many Adventures of Winnie the Pooh,1977,https://letterboxd.com/film/the-many-adventures-of-winnie-the-pooh/,4.5
2017-02-05,Ponyo,2008,https://letterboxd.com/film/ponyo/,3
2017-02-05,Nausicaä of the Valley of the Wind,1984,https://letterboxd.com/film/nausicaa-of-the-valley-of-the-wind/,4
2017-02-05,The Goonies,1985,https://letterboxd.com/film/the-goonies/,3.5
2017-02-05,Natural Born Killers,1994,https://letterboxd.com/film/natural-born-killers/,3.5
2017-02-05,North by Northwest,1959,https://letterboxd.com/film/north-by-northwest/,5
2017-02-05,True Grit,2010,https://letterboxd.com/film/true-grit-2010/,4
2017-02-05,Super 8,2011,https://letterboxd.com/film/super-8/,4
2017-02-05,The Matrix,1999,https://letterboxd.com/film/the-matrix/,4
2017-02-05,Toy Story 3,2010,https://letterboxd.com/film/toy-story-3/,4.5
2017-02-05,Toy Story,1995,https://letterboxd.com/film/toy-story/,4.5
2017-02-05,No Country for Old Men,2007,https://letterboxd.com/film/no-country-for-old-men/,5
2017-02-05,Children of Men,2006,https://letterboxd.com/film/children-of-men/,4
2017-02-10,Yearbook,2014,https://letterboxd.com/film/yearbook-2014/,3
2017-02-11,The Lego Batman Movie,2017,https://letterboxd.com/film/the-lego-batman-movie/,3.5
2017-02-16,Star Wars,1977,https://letterboxd.com/film/star-wars/,4
2017-02-16,The Empire Strikes Back,1980,https://letterboxd.com/film/the-empire-strikes-back/,4
2017-02-16,Rick and Morty: State of Georgia Vs. Denver Fenton Allen,2016,,5
2017-02-16,When Harry Met Sally...,1989,https://letterboxd.com/film/when-harry-met-sally/,3
2017-02-16,Roman Holiday,1953,https://letterboxd.com/film/roman-holiday/,4
2017-02-16,The Prince of Egypt,1998,https://letterboxd.com/film/the-prince-of-egypt/,4
2017-02-16,The Brave Archer,1977,https://letterboxd.com/film/the-brave-archer/,4.5
2017-02-16,Happy Feet,2006,https://letterboxd.com/film/happy-feet/,3.5
2017-02-16,Dexter's Laboratory: Ego Trip,1999,https://letterboxd.com/film/dexters-laboratory-ego-trip/,3.5
2017-02-16,Eagle Eye,2008,https://letterboxd.com/film/eagle-eye/,3
2017-02-16,Raiders of the Lost Ark,1981,https://letterboxd.com/film/raiders-of-the-lost-ark/,4
2017-02-16,Return of the Jedi,1983,https://letterboxd.com/film/return-of-the-jedi/,4
2017-02-16,Amadeus,1984,https://letterboxd.com/film/amadeus/,4.5
2017-02-16,Rain Man,1988,https://letterboxd.com/film/rain-man/,4
2017-02-16,Get Smart,2008,https://letterboxd.com/film/get-smart/,3.5
2017-02-16,No Half Measures: Creating the Final Season of Breaking Bad,2013,https://letterboxd.com/film/no-half-measures-creating-the-final-season-of-breaking-bad/,4.5
2017-02-16,Captain America: The First Avenger,2011,https://letterboxd.com/film/captain-america-the-first-avenger/,2.5
2017-02-16,A Scanner Darkly,2006,https://letterboxd.com/film/a-scanner-darkly/,4
2017-02-16,Kung Fu Panda,2008,https://letterboxd.com/film/kung-fu-panda/,4
2017-02-16,The Soloist,2009,https://letterboxd.com/film/the-soloist/,3.5
2017-02-16,Cowboy Bebop: The Movie,2001,https://letterboxd.com/film/cowboy-bebop-the-movie/,4
2017-02-16,All I Want for Christmas,1991,https://letterboxd.com/film/all-i-want-for-christmas/,2.5
2017-02-16,Mrs. Doubtfire,1993,https://letterboxd.com/film/mrs-doubtfire/,3.5
2017-02-16,Son of Rambow,2007,https://letterboxd.com/film/son-of-rambow/,3.5
2017-02-16,A Bug's Life,1998,https://letterboxd.com/film/a-bugs-life/,4
2017-02-16,Man on Fire,2004,https://letterboxd.com/film/man-on-fire-2004/,3
2017-02-16,Hellboy,2004,https://letterboxd.com/film/hellboy/,3.5
2017-02-16,The Chronicles of Narnia: The Voyage of the Dawn Treader,2010,https://letterboxd.com/film/the-chronicles-of-narnia-the-voyage-of-the-dawn-treader/,1.5
2017-02-16,300,2006,https://letterboxd.com/film/300/,3.5
2017-02-16,Ferris Bueller's Day Off,1986,https://letterboxd.com/film/ferris-buellers-day-off/,4
2017-02-16,Finding Nemo,2003,https://letterboxd.com/film/finding-nemo/,4
2017-02-16,Juno,2007,https://letterboxd.com/film/juno/,4
2017-02-16,Where the Wild Things Are,2009,https://letterboxd.com/film/where-the-wild-things-are/,2.5
2017-02-16,Stand by Me,1986,https://letterboxd.com/film/stand-by-me/,4.5
2017-02-16,Thor,2011,https://letterboxd.com/film/thor/,2
2017-02-16,Bridge to Terabithia,2007,https://letterboxd.com/film/bridge-to-terabithia/,2.5
2017-02-16,Big Fish,2003,https://letterboxd.com/film/big-fish/,4
2017-02-16,"10,000 BC",2008,https://letterboxd.com/film/10000-bc/,2.5
2017-02-16,Frost/Nixon,2008,https://letterboxd.com/film/frost-nixon/,5
2017-02-16,Runaway Brain,1995,https://letterboxd.com/film/runaway-brain/,4
2017-02-16,Kiki's Delivery Service,1989,https://letterboxd.com/film/kikis-delivery-service/,3.5
2017-02-16,Coraline,2009,https://letterboxd.com/film/coraline/,4
2017-02-16,World Trade Center,2006,https://letterboxd.com/film/world-trade-center/,2.5
2017-02-16,Pirates of the Caribbean: The Curse of the Black Pearl,2003,https://letterboxd.com/film/pirates-of-the-caribbean-the-curse-of-the-black-pearl/,3.5
2017-02-16,Midnight in Paris,2011,https://letterboxd.com/film/midnight-in-paris/,4
2017-02-16,The Trouble with Harry,1955,https://letterboxd.com/film/the-trouble-with-harry/,4
2017-02-16,How to Train Your Dragon,2010,https://letterboxd.com/film/how-to-train-your-dragon/,3.5
2017-02-16,The Next Three Days,2010,https://letterboxd.com/film/the-next-three-days/,3
2017-02-16,The Sixth Sense,1999,https://letterboxd.com/film/the-sixth-sense/,4
2017-02-16,Adventure Time: Islands,2017,https://letterboxd.com/film/adventure-time-islands/,4.5
2017-02-16,Nacho Libre,2006,https://letterboxd.com/film/nacho-libre/,3.5
2017-02-16,Jackie Brown,1997,https://letterboxd.com/film/jackie-brown/,3.5
2017-02-16,Taken,2008,https://letterboxd.com/film/taken/,3.5
2017-02-16,Surrogates,2009,https://letterboxd.com/film/surrogates/,2
2017-02-16,The Invention of Lying,2009,https://letterboxd.com/film/the-invention-of-lying/,2.5
2017-02-16,Stick It,2006,https://letterboxd.com/film/stick-it/,1.5
2017-02-16,Stardust,2007,https://letterboxd.com/film/stardust-2007/,1.5
2017-02-16,Up,2009,https://letterboxd.com/film/up/,4
2017-02-16,The Twilight Saga: New Moon,2009,https://letterboxd.com/film/the-twilight-saga-new-moon/,1.5
2017-02-16,August Rush,2007,https://letterboxd.com/film/august-rush/,2.5
2017-02-16,The Adventures of Tintin,2011,https://letterboxd.com/film/the-adventures-of-tintin/,3.5
2017-02-16,Spy Kids,2001,https://letterboxd.com/film/spy-kids/,2.5
2017-02-16,The Lion King,1994,https://letterboxd.com/film/the-lion-king/,5
2017-02-16,The Social Network,2010,https://letterboxd.com/film/the-social-network/,4
2017-02-16,Insidious,2010,https://letterboxd.com/film/insidious/,3.5
2017-02-16,Pooh's Grand Adventure: The Search for Christopher Robin,1997,https://letterboxd.com/film/poohs-grand-adventure-the-search-for-christopher-robin/,4.5
2017-02-16,It Might Get Loud,2008,https://letterboxd.com/film/it-might-get-loud/,4.5
2017-02-16,Sherlock Holmes,2009,https://letterboxd.com/film/sherlock-holmes-2009/,4
2017-02-16,One Flew Over the Cuckoo's Nest,1975,https://letterboxd.com/film/one-flew-over-the-cuckoos-nest/,4.5
2017-02-16,WALL·E,2008,https://letterboxd.com/film/walle/,5
2017-02-16,Percy Jackson & the Olympians: The Lightning Thief,2010,https://letterboxd.com/film/percy-jackson-the-olympians-the-lightning-thief/,2.5
2017-02-16,The Royal Tenenbaums,2001,https://letterboxd.com/film/the-royal-tenenbaums/,5
2017-02-16,Transformers: Dark of the Moon,2011,https://letterboxd.com/film/transformers-dark-of-the-moon/,2.5
2017-02-16,The Truman Show,1998,https://letterboxd.com/film/the-truman-show/,4.5
2017-02-21,Finding Dory,2016,https://letterboxd.com/film/finding-dory/,2.5
2017-02-27,John Wick,2014,https://letterboxd.com/film/john-wick/,3
2017-03-02,Get Out,2017,https://letterboxd.com/film/get-out-2017/,4.5
2017-03-19,Batman: Mask of the Phantasm,1993,https://letterboxd.com/film/batman-mask-of-the-phantasm/,3
2017-03-31,The Hunchback of Notre Dame,1996,https://letterboxd.com/film/the-hunchback-of-notre-dame-1996/,3.5
2017-05-07,La La Land,2016,https://letterboxd.com/film/la-la-land/,2
2017-05-10,La Maison en Petits Cubes,2008,https://letterboxd.com/film/la-maison-en-petits-cubes/,3.5
2017-05-14,Guardians of the Galaxy Vol. 2,2017,https://letterboxd.com/film/guardians-of-the-galaxy-vol-2/,4
2017-05-22,The Endless Summer,1966,https://letterboxd.com/film/the-endless-summer/,3
2017-05-22,The Way,2010,https://letterboxd.com/film/the-way/,2
2017-06-12,Wonder Woman,2017,https://letterboxd.com/film/wonder-woman-2017/,3
2017-06-19,Rakka,2017,https://letterboxd.com/film/rakka/,4
2017-06-27,Skhizein,2008,https://letterboxd.com/film/skhizein/,4
2017-07-09,Beginners,2010,https://letterboxd.com/film/beginners/,4
2017-07-15,Spider-Man: Homecoming,2017,https://letterboxd.com/film/spider-man-homecoming/,4
2017-07-19,Coherence,2013,https://letterboxd.com/film/coherence/,3.5
2017-08-02,Moana,2016,https://letterboxd.com/film/moana-2016/,4
2017-08-11,Baby Driver,2017,https://letterboxd.com/film/baby-driver/,4.5
2017-08-22,Hero,2002,https://letterboxd.com/film/hero-2002/,4.5
2017-08-30,The Twilight Saga: Breaking Dawn - Part 2,2012,https://letterboxd.com/film/the-twilight-saga-breaking-dawn-part-2/,2
2017-10-14,Blade Runner 2049,2017,https://letterboxd.com/film/blade-runner-2049/,4
2017-11-16,Logan,2017,https://letterboxd.com/film/logan-2017/,3
2017-12-03,The Disaster Artist,2017,https://letterboxd.com/film/the-disaster-artist/,4
2017-12-31,Big Bird in Japan,1988,https://letterboxd.com/film/big-bird-in-japan/,2.5
2017-12-31,Star Wars: The Last Jedi,2017,https://letterboxd.com/film/star-wars-the-last-jedi/,3.5
2017-12-31,It,2017,https://letterboxd.com/film/it-2017/,4.5
2018-01-11,Mud,2012,https://letterboxd.com/film/mud/,4
2018-01-25,The Little Prince,2015,https://letterboxd.com/film/the-little-prince-2015/,4
2018-04-15,Isle of Dogs,2018,https://letterboxd.com/film/isle-of-dogs-2018/,3
2018-04-15,Robot & Frank,2012,https://letterboxd.com/film/robot-frank/,4.5
2018-04-15,Annihilation,2018,https://letterboxd.com/film/annihilation/,4.5
2018-04-15,The Little Mermaid,1989,https://letterboxd.com/film/the-little-mermaid/,3.5
2018-04-21,The Hobbit,1977,https://letterboxd.com/film/the-hobbit/,4
2018-04-21,A Serious Man,2009,https://letterboxd.com/film/a-serious-man/,5
2018-05-12,Black Panther,2018,https://letterboxd.com/film/black-panther-2018/,2.5
2018-05-16,Thor: Ragnarok,2017,https://letterboxd.com/film/thor-ragnarok/,3.5
2018-05-18,Sicario,2015,https://letterboxd.com/film/sicario-2015/,4.5
2018-05-25,Avengers: Age of Ultron,2015,https://letterboxd.com/film/avengers-age-of-ultron/,3.5
2018-06-05,Avengers: Infinity War,2018,https://letterboxd.com/film/avengers-infinity-war/,4
2018-06-30,Incredibles 2,2018,https://letterboxd.com/film/incredibles-2/,3.5
2018-07-16,The Searchers,1956,https://letterboxd.com/film/the-searchers/,5
2018-07-16,It Follows,2014,https://letterboxd.com/film/it-follows/,3.5
2018-07-22,Sorry to Bother You,2018,https://letterboxd.com/film/sorry-to-bother-you/,4.5
2018-08-08,Awakenings,1990,https://letterboxd.com/film/awakenings/,4
2018-08-22,A Wrinkle in Time,2018,https://letterboxd.com/film/a-wrinkle-in-time-2018/,1
2018-08-25,The Road to El Dorado,2000,https://letterboxd.com/film/the-road-to-el-dorado/,2.5
2018-09-11,Tombstone,1993,https://letterboxd.com/film/tombstone/,3
2018-09-26,The Predator,2018,https://letterboxd.com/film/the-predator/,2
2018-10-05,Mandy,2018,https://letterboxd.com/film/mandy-2018/,4
2018-11-27,Fantastic Beasts: The Crimes of Grindelwald,2018,https://letterboxd.com/film/fantastic-beasts-the-crimes-of-grindelwald/,1.5
2018-12-11,Suspiria,2018,https://letterboxd.com/film/suspiria-2018/,4.5
2018-12-29,Love Actually,2003,https://letterboxd.com/film/love-actually/,1.5
2018-12-29,Spider-Man: Into the Spider-Verse,2018,https://letterboxd.com/film/spider-man-into-the-spider-verse/,4.5
2019-01-16,Scrooge,1951,https://letterboxd.com/film/scrooge-1951/,4
2019-01-16,Howards End,1992,https://letterboxd.com/film/howards-end/,4
2019-01-16,Hercules,1997,https://letterboxd.com/film/hercules-1997/,3
2019-01-16,Recess: School's Out,2001,https://letterboxd.com/film/recess-schools-out/,3.5
2019-01-17,The Man Who Knew Too Little,1997,https://letterboxd.com/film/the-man-who-knew-too-little/,4.5
2019-01-28,Mary and the Witch's Flower,2017,https://letterboxd.com/film/mary-and-the-witchs-flower/,2.5
2019-02-16,Roma,2018,https://letterboxd.com/film/roma-2018/,4.5
2019-03-05,The Lego Movie 2: The Second Part,2019,https://letterboxd.com/film/the-lego-movie-2-the-second-part/,3.5
2019-03-26,Us,2019,https://letterboxd.com/film/us-2019/,3.5
2019-04-14,The Core,2003,https://letterboxd.com/film/the-core/,2.5
2019-05-04,The Legend of Drunken Master,1994,https://letterboxd.com/film/the-legend-of-drunken-master/,4
2019-05-12,Avengers: Endgame,2019,https://letterboxd.com/film/avengers-endgame/,3
2019-05-12,Mona Lisa Smile,2003,https://letterboxd.com/film/mona-lisa-smile/,2.5
2019-05-24,The Bourne Supremacy,2004,https://letterboxd.com/film/the-bourne-supremacy/,3.5
2019-05-29,Free Solo,2018,https://letterboxd.com/film/free-solo/,4
2019-06-14,Who's Afraid of Virginia Woolf?,1966,https://letterboxd.com/film/whos-afraid-of-virginia-woolf/,5
2019-06-21,The Third Man,1949,https://letterboxd.com/film/the-third-man/,5
2019-07-10,Hereditary,2018,https://letterboxd.com/film/hereditary/,5
2019-07-12,Midsommar,2019,https://letterboxd.com/film/midsommar/,4
2019-09-02,Hard to Be a God,2013,https://letterboxd.com/film/hard-to-be-a-god/,2.5
2019-09-02,Cat on a Hot Tin Roof,1958,https://letterboxd.com/film/cat-on-a-hot-tin-roof/,4
2019-10-31,The Birdcage,1996,https://letterboxd.com/film/the-birdcage/,3.5
2019-11-26,The Dark Crystal,1982,https://letterboxd.com/film/the-dark-crystal/,3.5
2019-12-01,Parasite,2019,https://letterboxd.com/film/parasite-2019/,4
2019-12-25,Frozen II,2019,https://letterboxd.com/film/frozen-ii/,4
2020-01-03,Sleeping Beauty,1959,https://letterboxd.com/film/sleeping-beauty/,5
2020-01-03,The Black Cauldron,1985,https://letterboxd.com/film/the-black-cauldron/,2.5
2020-01-22,"Love, Death & Robots: The Witness",2019,https://letterboxd.com/film/love-death-robots-the-witness/,3
2020-01-22,John Wick: Chapter 2,2017,https://letterboxd.com/film/john-wick-chapter-2/,3.5
2020-01-22,Lady Bird,2017,https://letterboxd.com/film/lady-bird/,4
2020-01-22,Watchmen,2019,https://letterboxd.com/film/watchmen-2019/,4
2020-01-22,In a Heartbeat,2017,https://letterboxd.com/film/in-a-heartbeat/,3
2020-01-22,Don't Hug Me I'm Scared 2: TIME,2014,https://letterboxd.com/film/dont-hug-me-im-scared-2-time/,4
2020-01-22,Piper,2016,https://letterboxd.com/film/piper/,3.5
2020-01-22,Grindhouse,2007,https://letterboxd.com/film/grindhouse/,3
2020-01-22,Lights Out,2013,https://letterboxd.com/film/lights-out-2013/,3
2020-01-22,Rosencrantz & Guildenstern Are Dead,1990,https://letterboxd.com/film/rosencrantz-guildenstern-are-dead/,3
2020-01-22,Prohibition,2011,https://letterboxd.com/film/prohibition/,4
2020-01-22,Baseball: The Tenth Inning,2010,https://letterboxd.com/film/baseball-the-tenth-inning/,4
2020-01-22,The Dust Bowl,2012,https://letterboxd.com/film/the-dust-bowl/,4.5
2020-01-22,Flushed Away,2006,https://letterboxd.com/film/flushed-away/,2
2020-01-22,Dr. Horrible's Sing-Along Blog,2008,https://letterboxd.com/film/dr-horribles-sing-along-blog-2008/,2
2020-01-22,My Lai,2010,https://letterboxd.com/film/my-lai/,4
2020-01-22,The Ring Two,2005,https://letterboxd.com/film/the-ring-two/,3.5
2020-01-22,The Last Unicorn,1982,https://letterboxd.com/film/the-last-unicorn/,2.5
