Date,Name,Year,Letterboxd URI
2012-09-20,Shame,2011,https://letterboxd.com/film/shame-2011/
2012-09-20,Moneyball,2011,https://letterboxd.com/film/moneyball/
2012-09-20,Arbitrage,2012,https://letterboxd.com/film/arbitrage/
2012-09-20,The Descendants,2011,https://letterboxd.com/film/the-descendants/
2012-09-20,Zodiac,2007,https://letterboxd.com/film/zodiac/
2012-09-20,Carnage,2011,https://letterboxd.com/film/carnage/
2012-09-20,Twelve Monkeys,1995,https://letterboxd.com/film/twelve-monkeys/
2012-09-20,Beasts of the Southern Wild,2012,https://letterboxd.com/film/beasts-of-the-southern-wild/
2012-09-20,Snatch,2000,https://letterboxd.com/film/snatch/
2012-09-20,Trainspotting,1996,https://letterboxd.com/film/trainspotting/
2012-09-20,Take Shelter,2011,https://letterboxd.com/film/take-shelter/
2012-09-20,A Dangerous Method,2011,https://letterboxd.com/film/a-dangerous-method/
2012-09-20,Sunshine,2007,https://letterboxd.com/film/sunshine-2007/
2012-09-20,Compliance,2012,https://letterboxd.com/film/compliance/
2012-09-20,The Imposter,2012,https://letterboxd.com/film/the-imposter-2012/
2012-09-20,Chinatown,1974,https://letterboxd.com/film/chinatown/
2012-09-20,Jiro Dreams of Sushi,2011,https://letterboxd.com/film/jiro-dreams-of-sushi/
2012-09-20,Eyes Wide Shut,1999,https://letterboxd.com/film/eyes-wide-shut/
2012-09-20,Clerks,1994,https://letterboxd.com/film/clerks/
2012-09-20,Anna Karenina,2012,https://letterboxd.com/film/anna-karenina-2012/
2012-09-20,"Jeff, Who Lives at Home",2011,https://letterboxd.com/film/jeff-who-lives-at-home/
2012-09-20,From Dusk Till Dawn,1996,https://letterboxd.com/film/from-dusk-till-dawn/
2012-09-20,The Skin I Live In,2011,https://letterboxd.com/film/the-skin-i-live-in/
2012-09-20,Cloud Atlas,2012,https://letterboxd.com/film/cloud-atlas/
2012-09-20,Brokeback Mountain,2005,https://letterboxd.com/film/brokeback-mountain/
2012-09-20,Minority Report,2002,https://letterboxd.com/film/minority-report/
2012-09-20,The Ides of March,2011,https://letterboxd.com/film/the-ides-of-march/
2012-09-20,Submarine,2010,https://letterboxd.com/film/submarine/
2012-09-20,Close Encounters of the Third Kind,1977,https://letterboxd.com/film/close-encounters-of-the-third-kind/
2012-09-20,Sunset Boulevard,1950,https://letterboxd.com/film/sunset-boulevard/
2012-09-20,M,1931,https://letterboxd.com/film/m/
2012-09-20,Eastern Promises,2007,https://letterboxd.com/film/eastern-promises/
2012-09-20,Rocky,1976,https://letterboxd.com/film/rocky/
2012-09-20,Dawn of the Dead,1978,https://letterboxd.com/film/dawn-of-the-dead/
2012-09-20,Another Earth,2011,https://letterboxd.com/film/another-earth/
2012-09-20,The Deer Hunter,1978,https://letterboxd.com/film/the-deer-hunter/
2012-09-20,Road to Perdition,2002,https://letterboxd.com/film/road-to-perdition/
2012-09-20,Platoon,1986,https://letterboxd.com/film/platoon/
2012-09-20,Into the Wild,2007,https://letterboxd.com/film/into-the-wild/
2012-09-20,The Nightmare Before Christmas,1993,https://letterboxd.com/film/the-nightmare-before-christmas/
2012-09-20,Videodrome,1983,https://letterboxd.com/film/videodrome/
2012-09-20,The Fly,1986,https://letterboxd.com/film/the-fly-1986/
2012-09-20,Babel,2006,https://letterboxd.com/film/babel-2006/
2012-09-20,"Lock, Stock and Two Smoking Barrels",1998,https://letterboxd.com/film/lock-stock-and-two-smoking-barrels/
2012-09-20,Rosemary's Baby,1968,https://letterboxd.com/film/rosemarys-baby/
2012-09-20,Senna,2010,https://letterboxd.com/film/senna/
2012-09-20,Dog Day Afternoon,1975,https://letterboxd.com/film/dog-day-afternoon/
2012-09-20,Amour,2012,https://letterboxd.com/film/amour/
2012-09-20,Gattaca,1997,https://letterboxd.com/film/gattaca/
2012-09-20,The Life Aquatic with Steve Zissou,2004,https://letterboxd.com/film/the-life-aquatic-with-steve-zissou/
2012-09-20,Mystic River,2003,https://letterboxd.com/film/mystic-river/
2012-09-20,Munich,2005,https://letterboxd.com/film/munich/
2012-09-20,Moulin Rouge!,2001,https://letterboxd.com/film/moulin-rouge-2001/
2012-09-20,Poltergeist,1982,https://letterboxd.com/film/poltergeist/
2012-09-20,Cast Away,2000,https://letterboxd.com/film/cast-away/
2012-09-20,Network,1976,https://letterboxd.com/film/network/
2012-09-20,Some Like It Hot,1959,https://letterboxd.com/film/some-like-it-hot/
2012-09-20,To the Wonder,2012,https://letterboxd.com/film/to-the-wonder/
2012-09-20,The Lives of Others,2006,https://letterboxd.com/film/the-lives-of-others/
2012-09-20,The Godfather: Part III,1990,https://letterboxd.com/film/the-godfather-part-iii/
2012-09-20,Sleepy Hollow,1999,https://letterboxd.com/film/sleepy-hollow/
2012-09-20,The Perks of Being a Wallflower,2012,https://letterboxd.com/film/the-perks-of-being-a-wallflower/
2012-09-20,Once Upon a Time in America,1984,https://letterboxd.com/film/once-upon-a-time-in-america/
2012-09-20,Passion,2012,https://letterboxd.com/film/passion-2012/
2012-09-20,Miller's Crossing,1990,https://letterboxd.com/film/millers-crossing/
2012-09-20,Die Hard 2,1990,https://letterboxd.com/film/die-hard-2/
2012-09-20,Tyrannosaur,2011,https://letterboxd.com/film/tyrannosaur/
2012-09-20,Paths of Glory,1957,https://letterboxd.com/film/paths-of-glory/
2012-09-20,The Last Samurai,2003,https://letterboxd.com/film/the-last-samurai/
2012-09-20,Hunger,2008,https://letterboxd.com/film/hunger/
2012-09-20,Killing Them Softly,2012,https://letterboxd.com/film/killing-them-softly/
2012-09-20,Dogville,2003,https://letterboxd.com/film/dogville/
2012-09-20,The Elephant Man,1980,https://letterboxd.com/film/the-elephant-man/
2012-09-20,25th Hour,2002,https://letterboxd.com/film/25th-hour/
2012-09-20,Ocean's Twelve,2004,https://letterboxd.com/film/oceans-twelve/
2012-09-20,Night of the Living Dead,1968,https://letterboxd.com/film/night-of-the-living-dead/
2012-09-20,Ruby Sparks,2012,https://letterboxd.com/film/ruby-sparks/
2012-09-20,Layer Cake,2004,https://letterboxd.com/film/layer-cake/
2012-09-20,Downfall,2004,https://letterboxd.com/film/downfall/
2012-09-20,The Killing,1956,https://letterboxd.com/film/the-killing/
2012-09-20,Bonnie and Clyde,1967,https://letterboxd.com/film/bonnie-and-clyde/
2012-09-20,Life Is Beautiful,1997,https://letterboxd.com/film/life-is-beautiful/
2012-09-20,Walk the Line,2005,https://letterboxd.com/film/walk-the-line/
2012-09-20,Glengarry Glen Ross,1992,https://letterboxd.com/film/glengarry-glen-ross/
2012-09-20,Atonement,2007,https://letterboxd.com/film/atonement/
2012-09-20,Amores Perros,2000,https://letterboxd.com/film/amores-perros/
2012-09-20,Blood Diamond,2006,https://letterboxd.com/film/blood-diamond/
2012-09-20,Barry Lyndon,1975,https://letterboxd.com/film/barry-lyndon/
2012-09-20,Die Hard: With a Vengeance,1995,https://letterboxd.com/film/die-hard-with-a-vengeance/
2012-09-20,Blazing Saddles,1974,https://letterboxd.com/film/blazing-saddles/
2012-09-20,Master and Commander: The Far Side of the World,2003,https://letterboxd.com/film/master-and-commander-the-far-side-of-the-world/
2012-09-20,"Paris, Texas",1984,https://letterboxd.com/film/paris-texas/
2012-09-20,The French Connection,1971,https://letterboxd.com/film/the-french-connection/
2012-09-20,A Prophet,2009,https://letterboxd.com/film/a-prophet/
2012-09-20,The Terminal,2004,https://letterboxd.com/film/the-terminal/
2012-09-20,The Diving Bell and the Butterfly,2007,https://letterboxd.com/film/the-diving-bell-and-the-butterfly/
2012-09-20,Jules and Jim,1962,https://letterboxd.com/film/jules-and-jim/
2012-09-20,Fletch,1985,https://letterboxd.com/film/fletch/
2012-09-20,Cube,1997,https://letterboxd.com/film/cube/
2012-09-21,The Girl with the Dragon Tattoo,2011,https://letterboxd.com/film/the-girl-with-the-dragon-tattoo-2011/
2012-09-21,The Devil's Backbone,2001,https://letterboxd.com/film/the-devils-backbone/
2012-09-21,Frenzy,1972,https://letterboxd.com/film/frenzy/
2012-09-21,Soylent Green,1973,https://letterboxd.com/film/soylent-green/
2012-09-22,Detention,2011,https://letterboxd.com/film/detention-2011/
2012-09-22,The Getaway,1972,https://letterboxd.com/film/the-getaway/
2012-09-22,Brave Story,2006,https://letterboxd.com/film/brave-story/
2012-09-22,Highlander,1986,https://letterboxd.com/film/highlander/
2012-09-22,Dead Man's Shoes,2004,https://letterboxd.com/film/dead-mans-shoes/
2012-09-22,Falling Down,1993,https://letterboxd.com/film/falling-down/
2012-09-22,Army of Darkness,1992,https://letterboxd.com/film/army-of-darkness/
2012-09-23,Evil Dead II,1987,https://letterboxd.com/film/evil-dead-ii/
2012-09-23,Freaks,1932,https://letterboxd.com/film/freaks/
2012-09-23,Frankenstein,1931,https://letterboxd.com/film/frankenstein-1931/
2012-09-23,The Devil's Rejects,2005,https://letterboxd.com/film/the-devils-rejects/
2012-09-23,Memories of Murder,2003,https://letterboxd.com/film/memories-of-murder/
2012-09-23,Hard Boiled,1992,https://letterboxd.com/film/hard-boiled/
2012-09-23,Boy Wonder,2010,https://letterboxd.com/film/boy-wonder/
2012-09-23,Perfect Sense,2011,https://letterboxd.com/film/perfect-sense/
2012-09-23,Last Year at Marienbad,1961,https://letterboxd.com/film/last-year-at-marienbad/
2012-09-23,Visitor Q,2001,https://letterboxd.com/film/visitor-q/
2012-09-23,Nothing Personal,2009,https://letterboxd.com/film/nothing-personal/
2012-09-23,He Was a Quiet Man,2007,https://letterboxd.com/film/he-was-a-quiet-man/
2012-09-23,Catfish,2010,https://letterboxd.com/film/catfish/
2012-09-23,Waste Land,2010,https://letterboxd.com/film/waste-land/
2012-09-23,The Thin Blue Line,1988,https://letterboxd.com/film/the-thin-blue-line/
2012-09-23,This Is Not a Film,2011,https://letterboxd.com/film/this-is-not-a-film/
2012-09-23,Triumph of the Will,1935,https://letterboxd.com/film/triumph-of-the-will/
2012-09-23,Overnight,2003,https://letterboxd.com/film/overnight/
2012-09-23,Hearts of Darkness: A Filmmaker's Apocalypse,1991,https://letterboxd.com/film/hearts-of-darkness-a-filmmakers-apocalypse/
2012-09-23,My Kid Could Paint That,2007,https://letterboxd.com/film/my-kid-could-paint-that/
2012-09-23,And Everything Is Going Fine,2010,https://letterboxd.com/film/and-everything-is-going-fine/
2012-09-23,Stanley Kubrick's Boxes,2008,https://letterboxd.com/film/stanley-kubricks-boxes/
2012-09-23,Paradise Lost: The Child Murders at Robin Hood Hills,1996,https://letterboxd.com/film/paradise-lost-the-child-murders-at-robin-hood-hills/
2012-09-24,Red Hill,2010,https://letterboxd.com/film/red-hill/
2012-09-24,Down Terrace,2009,https://letterboxd.com/film/down-terrace/
2012-09-24,Griff the Invisible,2010,https://letterboxd.com/film/griff-the-invisible/
2012-09-24,Gigantic,2008,https://letterboxd.com/film/gigantic/
2012-09-24,Batman: Year One,2011,https://letterboxd.com/film/batman-year-one/
2012-09-24,Animal Kingdom,2010,https://letterboxd.com/film/animal-kingdom/
2012-09-24,The Wages of Fear,1953,https://letterboxd.com/film/the-wages-of-fear/
2012-09-24,Charade,1963,https://letterboxd.com/film/charade/
2012-09-24,The Passion of Joan of Arc,1928,https://letterboxd.com/film/the-passion-of-joan-of-arc/
2012-09-24,Cinema Paradiso,1988,https://letterboxd.com/film/cinema-paradiso/
2012-09-24,Scarface,1932,https://letterboxd.com/film/scarface/
2012-09-24,Mildred Pierce,1945,https://letterboxd.com/film/mildred-pierce/
2012-09-24,The Treasure of the Sierra Madre,1948,https://letterboxd.com/film/the-treasure-of-the-sierra-madre/
2012-09-24,Death of a Salesman,1951,https://letterboxd.com/film/death-of-a-salesman-1951/
2012-09-24,Wild Strawberries,1957,https://letterboxd.com/film/wild-strawberries/
2012-09-24,The Magnificent Seven,1960,https://letterboxd.com/film/the-magnificent-seven/
2012-09-24,Breakfast at Tiffany's,1961,https://letterboxd.com/film/breakfast-at-tiffanys/
2012-09-24,"It's a Mad, Mad, Mad, Mad World",1963,https://letterboxd.com/film/its-a-mad-mad-mad-mad-world/
2012-09-24,The Spy Who Came in from the Cold,1965,https://letterboxd.com/film/the-spy-who-came-in-from-the-cold/
2012-09-24,"Aguirre, the Wrath of God",1972,https://letterboxd.com/film/aguirre-the-wrath-of-god/
2012-09-24,The Outlaw Josey Wales,1976,https://letterboxd.com/film/the-outlaw-josey-wales/
2012-09-24,Howard the Duck,1986,https://letterboxd.com/film/howard-the-duck/
2012-09-24,Ghost World,2001,https://letterboxd.com/film/ghost-world/
2012-09-25,American Gangster,2007,https://letterboxd.com/film/american-gangster/
2012-09-25,Syriana,2005,https://letterboxd.com/film/syriana/
2012-09-25,"Good Night, and Good Luck.",2005,https://letterboxd.com/film/good-night-and-good-luck/
2012-09-25,Thank You for Smoking,2005,https://letterboxd.com/film/thank-you-for-smoking/
2012-09-25,Hotel Rwanda,2004,https://letterboxd.com/film/hotel-rwanda/
2012-09-25,Before Sunset,2004,https://letterboxd.com/film/before-sunset/
2012-09-25,"Good bye, Lenin!",2003,https://letterboxd.com/film/good-bye-lenin/
2012-09-25,Bowling for Columbine,2002,https://letterboxd.com/film/bowling-for-columbine/
2012-09-25,The Boondock Saints,1999,https://letterboxd.com/film/the-boondock-saints/
2012-09-25,The Adventures of Robin Hood,1938,https://letterboxd.com/film/the-adventures-of-robin-hood/
2012-09-27,Fallen Angels,1995,https://letterboxd.com/film/fallen-angels/
2012-09-30,Them,2006,https://letterboxd.com/film/them-2006/
2012-10-02,Battleship Potemkin,1925,https://letterboxd.com/film/battleship-potemkin/
2012-10-02,On the Waterfront,1954,https://letterboxd.com/film/on-the-waterfront/
2012-10-02,Repulsion,1965,https://letterboxd.com/film/repulsion/
2012-10-02,Dune,1984,https://letterboxd.com/film/dune/
2012-10-02,Dead Poets Society,1989,https://letterboxd.com/film/dead-poets-society/
2012-10-02,Driving Miss Daisy,1989,https://letterboxd.com/film/driving-miss-daisy/
2012-10-02,It,1990,https://letterboxd.com/film/it-1990/
2012-10-03,Savages,2012,https://letterboxd.com/film/savages-2012/
2012-10-03,Sweet Smell of Success,1957,https://letterboxd.com/film/sweet-smell-of-success/
2012-10-04,Being Michael Madsen,2007,https://letterboxd.com/film/being-michael-madsen/
2012-10-05,American Splendor,2003,https://letterboxd.com/film/american-splendor/
2012-10-05,Tekkonkinkreet,2006,https://letterboxd.com/film/tekkonkinkreet/
2012-10-08,Cameraman: The Life and Work of Jack Cardiff,2010,https://letterboxd.com/film/cameraman-the-life-and-work-of-jack-cardiff/
2012-10-09,Waltz with Bashir,2008,https://letterboxd.com/film/waltz-with-bashir/
2012-10-09,The Chaser,2008,https://letterboxd.com/film/the-chaser/
2012-10-09,"The Good, The Bad, The Weird",2008,https://letterboxd.com/film/the-good-the-bad-the-weird/
2012-10-09,Snow Angels,2007,https://letterboxd.com/film/snow-angels/
2012-10-10,Cosmopolis,2012,https://letterboxd.com/film/cosmopolis/
2012-10-10,A Dirty Carnival,2006,https://letterboxd.com/film/a-dirty-carnival/
2012-10-10,Hard Candy,2005,https://letterboxd.com/film/hard-candy/
2012-10-10,"I'm a Cyborg, But That's OK",2006,https://letterboxd.com/film/im-a-cyborg-but-thats-ok/
2012-10-10,Little Children,2006,https://letterboxd.com/film/little-children/
2012-10-10,Kenny,2006,https://letterboxd.com/film/kenny/
2012-10-10,Reign of Fire,2002,https://letterboxd.com/film/reign-of-fire/
2012-10-10,The Bad Sleep Well,1960,https://letterboxd.com/film/the-bad-sleep-well/
2012-10-10,Harold and Maude,1971,https://letterboxd.com/film/harold-and-maude/
2012-10-10,2046,2004,https://letterboxd.com/film/2046/
2012-10-10,Days of Being Wild,1990,https://letterboxd.com/film/days-of-being-wild/
2012-10-10,My Blueberry Nights,2007,https://letterboxd.com/film/my-blueberry-nights/
2012-10-10,Shoot 'Em Up,2007,https://letterboxd.com/film/shoot-em-up/
2012-10-11,The Punisher: Dirty Laundry,2012,https://letterboxd.com/film/the-punisher-dirty-laundry/
2012-10-12,Sling Blade,1996,https://letterboxd.com/film/sling-blade/
2012-10-13,El Mariachi,1992,https://letterboxd.com/film/el-mariachi/
2012-10-13,Code Unknown,2000,https://letterboxd.com/film/code-unknown/
2012-10-13,Yi Yi,2000,https://letterboxd.com/film/yi-yi/
2012-10-13,A Room with a View,1985,https://letterboxd.com/film/a-room-with-a-view/
2012-10-13,Blue Like Jazz,2012,https://letterboxd.com/film/blue-like-jazz/
2012-10-13,Safety Not Guaranteed,2012,https://letterboxd.com/film/safety-not-guaranteed/
2012-10-13,Hitler's Children,2011,https://letterboxd.com/film/hitlers-children-2011/
2012-10-14,Abigail Harm,2012,https://letterboxd.com/film/abigail-harm/
2012-10-14,Tinker Tailor Soldier Spy,2011,https://letterboxd.com/film/tinker-tailor-soldier-spy/
2012-10-15,Dogma,1999,https://letterboxd.com/film/dogma/
2012-10-15,Phantasm,1979,https://letterboxd.com/film/phantasm/
2012-10-15,Henry: Portrait of a Serial Killer,1986,https://letterboxd.com/film/henry-portrait-of-a-serial-killer/
2012-10-15,Hellraiser: Inferno,2000,https://letterboxd.com/film/hellraiser-inferno/
2012-10-15,Cabin Fever,2002,https://letterboxd.com/film/cabin-fever/
2012-10-15,Lady Snowblood,1973,https://letterboxd.com/film/lady-snowblood/
2012-10-15,Red State,2011,https://letterboxd.com/film/red-state/
2012-10-15,The Rocketeer,1991,https://letterboxd.com/film/the-rocketeer/
2012-10-16,Lars and the Real Girl,2007,https://letterboxd.com/film/lars-and-the-real-girl/
2012-10-16,Vampyr,1932,https://letterboxd.com/film/vampyr/
2012-10-16,Peeping Tom,1960,https://letterboxd.com/film/peeping-tom/
2012-10-16,Don't Look Now,1973,https://letterboxd.com/film/dont-look-now/
2012-10-16,Onibaba,1964,https://letterboxd.com/film/onibaba/
2012-10-17,Room 237,2012,https://letterboxd.com/film/room-237/
2012-10-17,Bringing Out the Dead,1999,https://letterboxd.com/film/bringing-out-the-dead/
2012-10-17,Following,1998,https://letterboxd.com/film/following/
2012-10-17,La Strada,1954,https://letterboxd.com/film/la-strada/
2012-10-17,The Bridge on the River Kwai,1957,https://letterboxd.com/film/the-bridge-on-the-river-kwai/
2012-10-17,MirrorMask,2005,https://letterboxd.com/film/mirrormask/
2012-10-17,Caché,2005,https://letterboxd.com/film/cache/
2012-10-17,The Exorcism of Emily Rose,2005,https://letterboxd.com/film/the-exorcism-of-emily-rose/
2012-10-17,Stranger Than Fiction,2006,https://letterboxd.com/film/stranger-than-fiction-2006/
2012-10-18,Midnight Cowboy,1969,https://letterboxd.com/film/midnight-cowboy/
2012-10-18,Pépé le Moko,1937,https://letterboxd.com/film/pepe-le-moko/
2012-10-18,Coffee and Cigarettes,2003,https://letterboxd.com/film/coffee-and-cigarettes-2003/
2012-10-18,Once Upon a Time in Mexico,2003,https://letterboxd.com/film/once-upon-a-time-in-mexico/
2012-10-19,5 Centimeters per Second,2007,https://letterboxd.com/film/5-centimeters-per-second/
2012-10-19,Cries and Whispers,1972,https://letterboxd.com/film/cries-and-whispers/
2012-10-19,Delicatessen,1991,https://letterboxd.com/film/delicatessen/
2012-10-19,Lost Highway,1997,https://letterboxd.com/film/lost-highway/
2012-10-19,Barefoot Gen,1983,https://letterboxd.com/film/barefoot-gen/
2012-10-19,Good Morning,1959,https://letterboxd.com/film/good-morning/
2012-10-19,Maniac,2012,https://letterboxd.com/film/maniac-2012/
2012-10-22,You Don't Know Jack,2010,https://letterboxd.com/film/you-dont-know-jack/
2012-10-22,Donnie Brasco,1997,https://letterboxd.com/film/donnie-brasco/
2012-10-22,Carlito's Way,1993,https://letterboxd.com/film/carlitos-way/
2012-10-22,The Devil's Advocate,1997,https://letterboxd.com/film/the-devils-advocate/
2012-10-22,Scent of a Woman,1992,https://letterboxd.com/film/scent-of-a-woman/
2012-10-23,All Quiet on the Western Front,1930,https://letterboxd.com/film/all-quiet-on-the-western-front/
2012-10-23,The Birth of a Nation,1915,https://letterboxd.com/film/the-birth-of-a-nation/
2012-10-23,Departures,2008,https://letterboxd.com/film/departures/
2012-10-23,[REC],2007,https://letterboxd.com/film/rec/
2012-10-23,The Bride of Frankenstein,1935,https://letterboxd.com/film/the-bride-of-frankenstein/
2012-10-23,Zardoz,1974,https://letterboxd.com/film/zardoz/
2012-10-24,Vanishing Point,1971,https://letterboxd.com/film/vanishing-point/
2012-10-24,Braindead,1992,https://letterboxd.com/film/braindead-1992/
2012-10-24,Papillon,1973,https://letterboxd.com/film/papillon/
2012-10-24,The Celebration,1998,https://letterboxd.com/film/the-celebration/
2012-10-24,Torso,1973,https://letterboxd.com/film/torso/
2012-10-24,Cold Fish,2010,https://letterboxd.com/film/cold-fish/
2012-10-25,Dead Sushi,2012,https://letterboxd.com/film/dead-sushi/
2012-10-25,Stagecoach,1939,https://letterboxd.com/film/stagecoach/
2012-10-25,The Shrine,2010,https://letterboxd.com/film/the-shrine/
2012-10-26,A River Runs Through It,1992,https://letterboxd.com/film/a-river-runs-through-it/
2012-10-26,In the Loop,2009,https://letterboxd.com/film/in-the-loop/
2012-10-26,The Kid,1921,https://letterboxd.com/film/the-kid/
2012-10-26,The Blob,1988,https://letterboxd.com/film/the-blob-1988/
2012-10-26,The Texas Chain Saw Massacre,1974,https://letterboxd.com/film/the-texas-chain-saw-massacre/
2012-10-26,Halloween,1978,https://letterboxd.com/film/halloween-1978/
2012-10-27,Gone Baby Gone,2007,https://letterboxd.com/film/gone-baby-gone/
2012-10-27,Scandal,1950,https://letterboxd.com/film/scandal/
2012-10-27,Winter's Bone,2010,https://letterboxd.com/film/winters-bone/
2012-10-28,Barbarella,1968,https://letterboxd.com/film/barbarella/
2012-10-28,Re-Animator,1985,https://letterboxd.com/film/re-animator/
2012-10-29,Wild at Heart,1990,https://letterboxd.com/film/wild-at-heart/
2012-10-29,The 7th Voyage of Sinbad,1958,https://letterboxd.com/film/the-7th-voyage-of-sinbad/
2012-10-29,Confessions,2010,https://letterboxd.com/film/confessions/
2012-10-29,The Consequences of Love,2004,https://letterboxd.com/film/the-consequences-of-love/
2012-10-29,Certified Copy,2010,https://letterboxd.com/film/certified-copy/
2012-10-29,Survive Style 5+,2004,https://letterboxd.com/film/survive-style-5/
2012-10-29,Read My Lips,2001,https://letterboxd.com/film/read-my-lips/
2012-10-31,Bad Taste,1987,https://letterboxd.com/film/bad-taste/
2012-11-01,The Life and Death of Colonel Blimp,1943,https://letterboxd.com/film/the-life-and-death-of-colonel-blimp/
2012-11-02,The Loneliest Planet,2011,https://letterboxd.com/film/the-loneliest-planet/
2012-11-02,Alamar,2009,https://letterboxd.com/film/alamar/
2012-11-03,Polisse,2011,https://letterboxd.com/film/polisse/
2012-11-03,Noisy Requiem,1988,https://letterboxd.com/film/noisy-requiem/
2012-11-03,Raise the Red Lantern,1991,https://letterboxd.com/film/raise-the-red-lantern/
2012-11-03,Three Colors: Red,1994,https://letterboxd.com/film/three-colors-red/
2012-11-04,Marwencol,2010,https://letterboxd.com/film/marwencol/
2012-11-04,Collateral,2004,https://letterboxd.com/film/collateral/
2012-11-04,World on a Wire,1973,https://letterboxd.com/film/world-on-a-wire/
2012-11-05,La Dolce Vita,1960,https://letterboxd.com/film/la-dolce-vita/
2012-11-05,Show Me Love,1998,https://letterboxd.com/film/show-me-love/
2012-11-06,The Sword of Doom,1966,https://letterboxd.com/film/the-sword-of-doom/
2012-11-07,Dracula,1992,https://letterboxd.com/film/dracula-1992/
2012-11-08,White Dog,1982,https://letterboxd.com/film/white-dog/
2012-11-08,Drop Dead Fred,1991,https://letterboxd.com/film/drop-dead-fred/
2012-11-09,Naked,1993,https://letterboxd.com/film/naked/
2012-11-09,Lolita,1962,https://letterboxd.com/film/lolita/
2012-11-10,Fox and His Friends,1975,https://letterboxd.com/film/fox-and-his-friends/
2012-11-11,Revolutionary Road,2008,https://letterboxd.com/film/revolutionary-road/
2012-11-11,Vivre Sa Vie,1962,https://letterboxd.com/film/vivre-sa-vie/
2012-11-12,"Clean, Shaven",1993,https://letterboxd.com/film/clean-shaven/
2012-11-12,The Crucible,1996,https://letterboxd.com/film/the-crucible/
2012-11-12,The Day He Arrives,2011,https://letterboxd.com/film/the-day-he-arrives/
2012-11-13,Louis Theroux: A Place for Paedophiles,2009,https://letterboxd.com/film/louis-theroux-a-place-for-paedophiles/
2012-11-13,Tucker and Dale vs. Evil,2010,https://letterboxd.com/film/tucker-and-dale-vs-evil/
2012-11-15,Trees Lounge,1996,https://letterboxd.com/film/trees-lounge/
2012-11-16,Marie Antoinette,2006,https://letterboxd.com/film/marie-antoinette-2006/
2012-11-16,Perfume: The Story of a Murderer,2006,https://letterboxd.com/film/perfume-the-story-of-a-murderer/
2012-11-17,Koyaanisqatsi,1982,https://letterboxd.com/film/koyaanisqatsi/
2012-11-17,What Dreams May Come,1998,https://letterboxd.com/film/what-dreams-may-come/
2012-11-18,The Muppets Take Manhattan,1984,https://letterboxd.com/film/the-muppets-take-manhattan/
2012-11-19,Dragon,2011,https://letterboxd.com/film/dragon-2011/
2012-11-19,What Ever Happened to Baby Jane?,1962,https://letterboxd.com/film/what-ever-happened-to-baby-jane/
2012-11-20,Disturbia,2007,https://letterboxd.com/film/disturbia/
2012-11-20,Suspiria,1977,https://letterboxd.com/film/suspiria/
2012-11-20,The Haunting,1963,https://letterboxd.com/film/the-haunting/
2012-11-20,Invasion of the Body Snatchers,1978,https://letterboxd.com/film/invasion-of-the-body-snatchers-1978/
2012-11-20,Ronin,1998,https://letterboxd.com/film/ronin/
2012-11-20,The Changeling,1980,https://letterboxd.com/film/the-changeling/
2012-11-20,Precious,2009,https://letterboxd.com/film/precious/
2012-11-20,Who Can Kill a Child?,1976,https://letterboxd.com/film/who-can-kill-a-child/
2012-11-20,Quiz Show,1994,https://letterboxd.com/film/quiz-show/
2012-11-20,Richard III,1995,https://letterboxd.com/film/richard-iii-1995/
2012-11-24,The Big Heat,1953,https://letterboxd.com/film/the-big-heat/
2012-11-24,Fear and Loathing in Las Vegas,1998,https://letterboxd.com/film/fear-and-loathing-in-las-vegas/
2012-11-24,Kick-Ass 2,2013,https://letterboxd.com/film/kick-ass-2/
2012-11-24,Carrie,2013,https://letterboxd.com/film/carrie-2013/
2012-11-25,Margaret,2011,https://letterboxd.com/film/margaret/
2012-11-26,The Match Factory Girl,1990,https://letterboxd.com/film/the-match-factory-girl/
2012-11-27,A Night to Remember,1958,https://letterboxd.com/film/a-night-to-remember/
2012-11-27,The New World,2005,https://letterboxd.com/film/the-new-world/
2012-11-27,The Frighteners,1996,https://letterboxd.com/film/the-frighteners/
2012-11-27,Of Mice and Men,1992,https://letterboxd.com/film/of-mice-and-men-1992/
2012-11-27,Bullitt,1968,https://letterboxd.com/film/bullitt/
2012-11-27,Lord of the Flies,1963,https://letterboxd.com/film/lord-of-the-flies/
2012-11-27,Escape from New York,1981,https://letterboxd.com/film/escape-from-new-york/
2012-11-27,Alphaville,1965,https://letterboxd.com/film/alphaville/
2012-11-28,G.I. Joe: The Rise of Cobra,2009,https://letterboxd.com/film/gi-joe-the-rise-of-cobra/
2012-11-28,Tremors,1990,https://letterboxd.com/film/tremors/
2012-11-28,Whatever Works,2009,https://letterboxd.com/film/whatever-works/
2012-11-29,End of Watch,2012,https://letterboxd.com/film/end-of-watch/
2012-11-29,Wag the Dog,1997,https://letterboxd.com/film/wag-the-dog/
2012-11-30,Confessions of a Dangerous Mind,2002,https://letterboxd.com/film/confessions-of-a-dangerous-mind/
2012-12-01,Werckmeister Harmonies,2000,https://letterboxd.com/film/werckmeister-harmonies/
2012-12-02,Bronson,2008,https://letterboxd.com/film/bronson/
2012-12-02,Top Secret!,1984,https://letterboxd.com/film/top-secret/
2012-12-03,Rare Exports: A Christmas Tale,2010,https://letterboxd.com/film/rare-exports-a-christmas-tale/
2012-12-03,My Neighbors the Yamadas,1999,https://letterboxd.com/film/my-neighbors-the-yamadas/
2012-12-04,The Philadelphia Story,1940,https://letterboxd.com/film/the-philadelphia-story/
2012-12-05,Perfect Blue,1997,https://letterboxd.com/film/perfect-blue/
2012-12-05,Monsters,2010,https://letterboxd.com/film/monsters/
2012-12-05,The Double Life of Véronique,1991,https://letterboxd.com/film/the-double-life-of-veronique/
2012-12-05,This Is England,2006,https://letterboxd.com/film/this-is-england/
2012-12-06,Teddy Bear,2012,https://letterboxd.com/film/teddy-bear/
2012-12-08,Six Shooter,2004,https://letterboxd.com/film/six-shooter/
2012-12-08,Take This Waltz,2011,https://letterboxd.com/film/take-this-waltz/
2012-12-09,The Sessions,2012,https://letterboxd.com/film/the-sessions/
2012-12-09,Sneakers,1992,https://letterboxd.com/film/sneakers/
2012-12-10,A Simple Plan,1998,https://letterboxd.com/film/a-simple-plan/
2012-12-10,TT3D: Closer to the Edge,2011,https://letterboxd.com/film/tt3d-closer-to-the-edge/
2012-12-10,I ♥ Huckabees,2004,https://letterboxd.com/film/i-huckabees/
2012-12-10,Biutiful,2010,https://letterboxd.com/film/biutiful/
2012-12-11,Beyond the Black Rainbow,2010,https://letterboxd.com/film/beyond-the-black-rainbow/
2012-12-11,To Rome with Love,2012,https://letterboxd.com/film/to-rome-with-love/
2012-12-12,Living in Oblivion,1995,https://letterboxd.com/film/living-in-oblivion/
2012-12-13,The Turin Horse,2011,https://letterboxd.com/film/the-turin-horse/
2012-12-13,The Kid with a Bike,2011,https://letterboxd.com/film/the-kid-with-a-bike/
2012-12-14,A Single Man,2009,https://letterboxd.com/film/a-single-man/
2012-12-14,Le Havre,2011,https://letterboxd.com/film/le-havre/
2012-12-14,How I Ended This Summer,2010,https://letterboxd.com/film/how-i-ended-this-summer/
2012-12-14,Pygmalion,1938,https://letterboxd.com/film/pygmalion/
2012-12-15,The Rapture,1991,https://letterboxd.com/film/the-rapture/
2012-12-18,Bukowski - Born into This,2003,https://letterboxd.com/film/bukowski-born-into-this/
2012-12-19,Revolver,1973,https://letterboxd.com/film/revolver-1973/
2012-12-19,Manhunter,1986,https://letterboxd.com/film/manhunter/
2012-12-20,What Did the Lady Forget?,1937,https://letterboxd.com/film/what-did-the-lady-forget/
2012-12-24,Black Christmas,1974,https://letterboxd.com/film/black-christmas/
2012-12-25,Sin Nombre,2009,https://letterboxd.com/film/sin-nombre/
2012-12-26,The Hunt,2012,https://letterboxd.com/film/the-hunt-2012/
2012-12-26,Boy,2010,https://letterboxd.com/film/boy-2010/
2012-12-26,Satantango,1994,https://letterboxd.com/film/satantango/
2012-12-26,Juan of the Dead,2011,https://letterboxd.com/film/juan-of-the-dead/
2012-12-26,Entrance,2012,https://letterboxd.com/film/entrance/
2012-12-26,Cockneys vs Zombies,2012,https://letterboxd.com/film/cockneys-vs-zombies/
2012-12-26,Django,1966,https://letterboxd.com/film/django/
2012-12-26,Hotel Chevalier,2007,https://letterboxd.com/film/hotel-chevalier/
2012-12-26,Bottle Rocket,1996,https://letterboxd.com/film/bottle-rocket-1996/
2012-12-26,Sleepwalk with Me,2012,https://letterboxd.com/film/sleepwalk-with-me/
2012-12-27,The White Ribbon,2009,https://letterboxd.com/film/the-white-ribbon/
2012-12-28,Mesrine: Public Enemy #1,2008,https://letterboxd.com/film/mesrine-public-enemy-1/
2012-12-28,The Accused,1988,https://letterboxd.com/film/the-accused-1988/
2012-12-29,The Majestic,2001,https://letterboxd.com/film/the-majestic/
2012-12-29,This Boy’s Life,1993,https://letterboxd.com/film/this-boys-life/
2012-12-29,"New York, New York",1977,https://letterboxd.com/film/new-york-new-york/
2012-12-29,Aliens,1986,https://letterboxd.com/film/aliens/
2013-01-02,Jerry Maguire,1996,https://letterboxd.com/film/jerry-maguire/
2013-01-02,Catch-22,1970,https://letterboxd.com/film/catch-22/
2013-01-02,Red Cliff Collection,,https://letterboxd.com/film/red-cliff-collection/
2013-01-02,Walker,2012,https://letterboxd.com/film/walker-2012/
2013-01-02,Once Upon a Time in Anatolia,2011,https://letterboxd.com/film/once-upon-a-time-in-anatolia/
2013-01-02,Yellow Earth,1984,https://letterboxd.com/film/yellow-earth/
2013-01-02,Seeking Asian Female,2012,https://letterboxd.com/film/seeking-asian-female/
2013-01-02,"Oslo, August 31st",2011,https://letterboxd.com/film/oslo-august-31st/
2013-01-02,Haywire,2011,https://letterboxd.com/film/haywire/
2013-01-03,Match Point,2005,https://letterboxd.com/film/match-point/
2013-01-03,Barbara,2012,https://letterboxd.com/film/barbara/
2013-01-04,Grosse Pointe Blank,1997,https://letterboxd.com/film/grosse-pointe-blank/
2013-01-04,Broken Embraces,2009,https://letterboxd.com/film/broken-embraces/
2013-01-05,The Umbrellas of Cherbourg,1964,https://letterboxd.com/film/the-umbrellas-of-cherbourg/
2013-01-05,Angst,1983,https://letterboxd.com/film/angst/
2013-01-06,Jean de Florette,1986,https://letterboxd.com/film/jean-de-florette/
2013-01-06,Dead Man's Letters,1986,https://letterboxd.com/film/dead-mans-letters/
2013-01-06,Threads,1984,https://letterboxd.com/film/threads/
2013-01-07,Love,2011,https://letterboxd.com/film/love/
2013-01-08,Bad Education,2004,https://letterboxd.com/film/bad-education/
2013-01-08,Max Manus: Man of War,2008,https://letterboxd.com/film/max-manus-man-of-war/
2013-01-08,Only God Forgives,2013,https://letterboxd.com/film/only-god-forgives/
2013-01-08,Pusher,1996,https://letterboxd.com/film/pusher/
2013-01-08,The Dead Zone,1983,https://letterboxd.com/film/the-dead-zone/
2013-01-08,The Sun Also Rises,2007,https://letterboxd.com/film/the-sun-also-rises-2007/
2013-01-08,Devils on the Doorstep,2000,https://letterboxd.com/film/devils-on-the-doorstep/
2013-01-08,Aftershock,2010,https://letterboxd.com/film/aftershock/
2013-01-09,Weekend,1967,https://letterboxd.com/film/weekend-1967/
2013-01-09,Inferno,1980,https://letterboxd.com/film/inferno-1980/
2013-01-09,The Bird with the Crystal Plumage,1970,https://letterboxd.com/film/the-bird-with-the-crystal-plumage/
2013-01-09,Ms .45,1981,https://letterboxd.com/film/ms-45/
2013-01-09,Bad Lieutenant,1992,https://letterboxd.com/film/bad-lieutenant/
2013-01-10,Winter Light,1963,https://letterboxd.com/film/winter-light/
2013-01-10,Fanny & Alexander,1982,https://letterboxd.com/film/fanny-alexander/
2013-01-10,The People vs. Larry Flynt,1996,https://letterboxd.com/film/the-people-vs-larry-flynt/
2013-01-10,Bug,2006,https://letterboxd.com/film/bug-2006/
2013-01-10,12 Angry Men,1997,https://letterboxd.com/film/12-angry-men-1997/
2013-01-10,Sorcerer,1977,https://letterboxd.com/film/sorcerer/
2013-01-11,The Impossible,2012,https://letterboxd.com/film/the-impossible/
2013-01-11,A Brighter Summer Day,1991,https://letterboxd.com/film/a-brighter-summer-day/
2013-01-11,The Terrorizers,1986,https://letterboxd.com/film/the-terrorizers/
2013-01-12,Bob le Flambeur,1956,https://letterboxd.com/film/bob-le-flambeur/
2013-01-12,Three Outlaw Samurai,1964,https://letterboxd.com/film/three-outlaw-samurai/
2013-01-12,Goyokin,1969,https://letterboxd.com/film/goyokin/
2013-01-12,L'Avventura,1960,https://letterboxd.com/film/lavventura/
2013-01-12,Red Desert,1964,https://letterboxd.com/film/red-desert/
2013-01-12,La Notte,1961,https://letterboxd.com/film/la-notte/
2013-01-12,Mary and Max,2009,https://letterboxd.com/film/mary-and-max/
2013-01-12,Harvie Krumpet,2003,https://letterboxd.com/film/harvie-krumpet/
2013-01-13,"My Son, My Son, What Have Ye Done",2009,https://letterboxd.com/film/my-son-my-son-what-have-ye-done/
2013-01-13,The Enigma of Kaspar Hauser,1974,https://letterboxd.com/film/the-enigma-of-kaspar-hauser/
2013-01-13,Nosferatu the Vampyre,1979,https://letterboxd.com/film/nosferatu-the-vampyre/
2013-01-13,Little Dieter Needs to Fly,1997,https://letterboxd.com/film/little-dieter-needs-to-fly/
2013-01-14,Purple Noon,1960,https://letterboxd.com/film/purple-noon/
2013-01-15,Femme Fatale,2002,https://letterboxd.com/film/femme-fatale/
2013-01-15,Pin,1988,https://letterboxd.com/film/pin/
2013-01-15,Kidnapped,2010,https://letterboxd.com/film/kidnapped-2010/
2013-01-15,The Magic Flute,1975,https://letterboxd.com/film/the-magic-flute/
2013-01-15,The Day of the Beast,1995,https://letterboxd.com/film/the-day-of-the-beast/
2013-01-15,Serpico,1973,https://letterboxd.com/film/serpico/
2013-01-15,The Verdict,1982,https://letterboxd.com/film/the-verdict-1982/
2013-01-15,Murder on the Orient Express,1974,https://letterboxd.com/film/murder-on-the-orient-express/
2013-01-15,The Hidden Fortress,1958,https://letterboxd.com/film/the-hidden-fortress/
2013-01-15,Kagemusha,1980,https://letterboxd.com/film/kagemusha/
2013-01-15,Stray Dog,1949,https://letterboxd.com/film/stray-dog/
2013-01-15,Red Beard,1965,https://letterboxd.com/film/red-beard/
2013-01-16,Summer with Monika,1953,https://letterboxd.com/film/summer-with-monika/
2013-01-16,Decasia,2002,https://letterboxd.com/film/decasia/
2013-01-16,Samurai Rebellion,1967,https://letterboxd.com/film/samurai-rebellion/
2013-01-16,The Human Condition I: No Greater Love,1959,https://letterboxd.com/film/the-human-condition-i-no-greater-love/
2013-01-16,Kwaidan,1964,https://letterboxd.com/film/kwaidan/
2013-01-16,Together,2000,https://letterboxd.com/film/together-2000/
2013-01-16,Hiroshima Mon Amour,1959,https://letterboxd.com/film/hiroshima-mon-amour/
2013-01-16,The Guns of Navarone,1961,https://letterboxd.com/film/the-guns-of-navarone/
2013-01-17,"The Cook, the Thief, His Wife & Her Lover",1989,https://letterboxd.com/film/the-cook-the-thief-his-wife-her-lover/
2013-01-17,The Draughtsman's Contract,1982,https://letterboxd.com/film/the-draughtsmans-contract/
2013-01-17,Up in the Air,2009,https://letterboxd.com/film/up-in-the-air/
2013-01-17,The Taking of Pelham One Two Three,1974,https://letterboxd.com/film/the-taking-of-pelham-one-two-three/
2013-01-17,Bigger Than Life,1956,https://letterboxd.com/film/bigger-than-life/
2013-01-17,Something the Lord Made,2004,https://letterboxd.com/film/something-the-lord-made/
2013-01-17,Cyrus,2010,https://letterboxd.com/film/cyrus/
2013-01-17,Unfaithfully Yours,1948,https://letterboxd.com/film/unfaithfully-yours/
2013-01-17,Sullivan's Travels,1941,https://letterboxd.com/film/sullivans-travels/
2013-01-17,Wet Hot American Summer,2001,https://letterboxd.com/film/wet-hot-american-summer/
2013-01-17,My Life as a Dog,1985,https://letterboxd.com/film/my-life-as-a-dog/
2013-01-17,Masculin Féminin,1966,https://letterboxd.com/film/masculin-feminin/
2013-01-18,Sympathy for Lady Vengeance,2005,https://letterboxd.com/film/sympathy-for-lady-vengeance/
2013-01-18,Sympathy for Mr. Vengeance,2002,https://letterboxd.com/film/sympathy-for-mr-vengeance/
2013-01-18,3-Iron,2004,https://letterboxd.com/film/3-iron/
2013-01-18,"Spring, Summer, Fall, Winter... and Spring",2003,https://letterboxd.com/film/spring-summer-fall-winter-and-spring/
2013-01-18,Rust and Bone,2012,https://letterboxd.com/film/rust-and-bone/
2013-01-19,Red Riding: The Year of Our Lord 1974,2009,https://letterboxd.com/film/red-riding-the-year-of-our-lord-1974/
2013-01-21,Navajo Joe,1966,https://letterboxd.com/film/navajo-joe/
2013-01-21,The Great Silence,1968,https://letterboxd.com/film/the-great-silence/
2013-01-22,Hot Coffee,2011,https://letterboxd.com/film/hot-coffee/
2013-01-22,The Kingdom,1994,https://letterboxd.com/film/the-kingdom/
2013-01-22,Ali: Fear Eats the Soul,1974,https://letterboxd.com/film/ali-fear-eats-the-soul/
2013-01-23,Blow Out,1981,https://letterboxd.com/film/blow-out/
2013-01-23,Dead Again,1991,https://letterboxd.com/film/dead-again/
2013-01-25,The Best Years of Our Lives,1946,https://letterboxd.com/film/the-best-years-of-our-lives/
2013-01-28,Kes,1969,https://letterboxd.com/film/kes/
2013-01-28,Where Is My Friend's House?,1987,https://letterboxd.com/film/where-is-my-friends-house/
2013-01-28,Betrayal,2012,https://letterboxd.com/film/betrayal-2012/
2013-01-28,Duel,1971,https://letterboxd.com/film/duel/
2013-01-28,Él,1953,https://letterboxd.com/film/el/
2013-01-28,Belle de Jour,1967,https://letterboxd.com/film/belle-de-jour/
2013-01-28,Murmur of the Heart,1971,https://letterboxd.com/film/murmur-of-the-heart/
2013-01-28,Au Revoir les Enfants,1987,https://letterboxd.com/film/au-revoir-les-enfants/
2013-01-28,My Dinner with Andre,1981,https://letterboxd.com/film/my-dinner-with-andre/
2013-01-28,Midnight Run,1988,https://letterboxd.com/film/midnight-run/
2013-01-29,The Science of Sleep,2006,https://letterboxd.com/film/the-science-of-sleep/
2013-01-29,Be Kind Rewind,2008,https://letterboxd.com/film/be-kind-rewind/
2013-01-29,Butch Cassidy and the Sundance Kid,1969,https://letterboxd.com/film/butch-cassidy-and-the-sundance-kid/
2013-01-30,Silence,2016,https://letterboxd.com/film/silence/
2013-02-03,if....,1968,https://letterboxd.com/film/if/
2013-02-07,Attack the Block,2011,https://letterboxd.com/film/attack-the-block/
2013-02-07,The Offence,1973,https://letterboxd.com/film/the-offence/
2013-02-07,Prince of Darkness,1987,https://letterboxd.com/film/prince-of-darkness/
2013-02-08,Man with a Movie Camera,1929,https://letterboxd.com/film/man-with-a-movie-camera/
2013-02-09,Ivan's Childhood,1962,https://letterboxd.com/film/ivans-childhood/
2013-02-10,Possession,1981,https://letterboxd.com/film/possession/
2013-02-12,Intolerance: Love's Struggle Throughout the Ages,1916,https://letterboxd.com/film/intolerance-loves-struggle-throughout-the-ages/
2013-02-13,The Magnificent Ambersons,1942,https://letterboxd.com/film/the-magnificent-ambersons/
2013-02-17,Being There,1979,https://letterboxd.com/film/being-there/
2013-02-19,Lenny,1974,https://letterboxd.com/film/lenny/
2013-02-20,Event Horizon,1997,https://letterboxd.com/film/event-horizon/
2013-02-21,The Guard,2011,https://letterboxd.com/film/the-guard/
2013-02-24,Elevator to the Gallows,1958,https://letterboxd.com/film/elevator-to-the-gallows/
2013-02-25,Southern Comfort,1981,https://letterboxd.com/film/southern-comfort/
2013-02-28,Harry and Tonto,1974,https://letterboxd.com/film/harry-and-tonto/
2013-03-02,Burning Man,2011,https://letterboxd.com/film/burning-man/
2013-03-03,Half Nelson,2006,https://letterboxd.com/film/half-nelson/
2013-03-05,In a World...,2013,https://letterboxd.com/film/in-a-world/
2013-03-05,The Asphalt Jungle,1950,https://letterboxd.com/film/the-asphalt-jungle/
2013-03-05,Broken Blossoms,1919,https://letterboxd.com/film/broken-blossoms-1919/
2013-03-06,"They Shoot Horses, Don't They?",1969,https://letterboxd.com/film/they-shoot-horses-dont-they/
2013-03-06,The Painting,2011,https://letterboxd.com/film/the-painting/
2013-03-06,The Lovers on the Bridge,1991,https://letterboxd.com/film/the-lovers-on-the-bridge/
2013-03-11,Island of Lost Souls,1932,https://letterboxd.com/film/island-of-lost-souls/
2013-03-12,Mind Game,2004,https://letterboxd.com/film/mind-game/
2013-03-14,United 93,2006,https://letterboxd.com/film/united-93/
2013-03-14,Bloody Sunday,2002,https://letterboxd.com/film/bloody-sunday/
2013-03-14,Samurai I: Musashi Miyamoto,1954,https://letterboxd.com/film/samurai-i-musashi-miyamoto/
2013-03-14,Marty,1955,https://letterboxd.com/film/marty/
2013-03-15,Knight of Cups,2015,https://letterboxd.com/film/knight-of-cups/
2013-03-17,The Fantastic Flying Books of Mr Morris Lessmore,2011,https://letterboxd.com/film/the-fantastic-flying-books-of-mr-morris-lessmore/
2013-03-19,Sexy Beast,2000,https://letterboxd.com/film/sexy-beast/
2013-03-19,Noah,2014,https://letterboxd.com/film/noah/
2013-03-20,Trick 'r Treat,2007,https://letterboxd.com/film/trick-r-treat/
2013-03-20,The Straight Story,1999,https://letterboxd.com/film/the-straight-story/
2013-03-21,Breaking the Waves,1996,https://letterboxd.com/film/breaking-the-waves/
2013-03-21,I Killed My Mother,2009,https://letterboxd.com/film/i-killed-my-mother/
2013-03-21,Beyond the Hills,2012,https://letterboxd.com/film/beyond-the-hills/
2013-03-21,"4 Months, 3 Weeks and 2 Days",2007,https://letterboxd.com/film/4-months-3-weeks-and-2-days/
2013-03-22,Le Cercle Rouge,1970,https://letterboxd.com/film/le-cercle-rouge/
2013-03-22,Shallow Grave,1994,https://letterboxd.com/film/shallow-grave/
2013-03-22,A Life Less Ordinary,1997,https://letterboxd.com/film/a-life-less-ordinary/
2013-03-24,Happythankyoumoreplease,2010,https://letterboxd.com/film/happythankyoumoreplease/
2013-03-24,Sunday Bloody Sunday,1971,https://letterboxd.com/film/sunday-bloody-sunday/
2013-03-25,Resolution,2012,https://letterboxd.com/film/resolution/
2013-03-26,The Story of Film: An Odyssey,2011,https://letterboxd.com/film/the-story-of-film-an-odyssey/
2013-03-26,Little Big Man,1970,https://letterboxd.com/film/little-big-man/
2013-03-26,Who's That Knocking at My Door,1967,https://letterboxd.com/film/whos-that-knocking-at-my-door/
2013-03-26,Only Yesterday,1991,https://letterboxd.com/film/only-yesterday/
2013-03-27,Shaolin,2011,https://letterboxd.com/film/shaolin/
2013-03-27,The African Queen,1951,https://letterboxd.com/film/the-african-queen/
2013-03-27,Sabrina,1954,https://letterboxd.com/film/sabrina/
2013-03-27,The Adventures of Ichabod and Mr. Toad,1949,https://letterboxd.com/film/the-adventures-of-ichabod-and-mr-toad/
2013-03-27,Sansho the Bailiff,1954,https://letterboxd.com/film/sansho-the-bailiff/
2013-03-27,Osaka Elegy,1936,https://letterboxd.com/film/osaka-elegy/
2013-03-27,Paisan,1946,https://letterboxd.com/film/paisan/
2013-03-27,Charlie Wilson's War,2007,https://letterboxd.com/film/charlie-wilsons-war/
2013-03-27,Closer,2004,https://letterboxd.com/film/closer/
2013-03-27,The City of Lost Children,1995,https://letterboxd.com/film/the-city-of-lost-children/
2013-03-27,Persepolis,2007,https://letterboxd.com/film/persepolis/
2013-03-27,The Defiant Ones,1958,https://letterboxd.com/film/the-defiant-ones/
2013-03-28,Red Cliff,2008,https://letterboxd.com/film/red-cliff/
2013-03-28,Thirst,2009,https://letterboxd.com/film/thirst-2009/
2013-03-28,Cul-de-sac,1966,https://letterboxd.com/film/cul-de-sac/
2013-03-28,The Landlord,1970,https://letterboxd.com/film/the-landlord/
2013-03-28,Stories We Tell,2012,https://letterboxd.com/film/stories-we-tell/
2013-03-28,And Then There Were None,1945,https://letterboxd.com/film/and-then-there-were-none/
2013-03-28,Le Million,1931,https://letterboxd.com/film/le-million/
2013-03-28,À Nous la Liberté,1931,https://letterboxd.com/film/a-nous-la-liberte/
2013-03-28,The Panic in Needle Park,1971,https://letterboxd.com/film/the-panic-in-needle-park/
2013-03-28,The Servant,1963,https://letterboxd.com/film/the-servant/
2013-03-28,Deconstructing Harry,1997,https://letterboxd.com/film/deconstructing-harry/
2013-03-28,August: Osage County,2013,https://letterboxd.com/film/august-osage-county/
2013-03-29,Pitch Black Heist,2011,https://letterboxd.com/film/pitch-black-heist/
2013-03-29,Babette's Feast,1987,https://letterboxd.com/film/babettes-feast/
2013-03-29,Dead Man Walking,1995,https://letterboxd.com/film/dead-man-walking/
2013-03-29,Chariots of Fire,1981,https://letterboxd.com/film/chariots-of-fire/
2013-03-29,Thirteen Conversations About One Thing,2001,https://letterboxd.com/film/thirteen-conversations-about-one-thing/
2013-03-29,Songs from the Second Floor,2000,https://letterboxd.com/film/songs-from-the-second-floor/
2013-03-29,"You, the Living",2007,https://letterboxd.com/film/you-the-living/
2013-03-29,The Crazies,2010,https://letterboxd.com/film/the-crazies-2010/
2013-03-30,The Player,1992,https://letterboxd.com/film/the-player/
2013-03-31,The Last Detail,1973,https://letterboxd.com/film/the-last-detail/
2013-04-02,A Man Escaped,1956,https://letterboxd.com/film/a-man-escaped/
2013-04-02,Get Shorty,1995,https://letterboxd.com/film/get-shorty/
2013-04-02,Scarlet Street,1945,https://letterboxd.com/film/scarlet-street/
2013-04-02,They Live,1988,https://letterboxd.com/film/they-live/
2013-04-02,Vanya on 42nd Street,1994,https://letterboxd.com/film/vanya-on-42nd-street/
2013-04-03,The Last Wave,1977,https://letterboxd.com/film/the-last-wave/
2013-04-03,Witness,1985,https://letterboxd.com/film/witness/
2013-04-03,On the Silver Globe,1988,https://letterboxd.com/film/on-the-silver-globe/
2013-04-04,L'Atalante,1934,https://letterboxd.com/film/latalante/
2013-04-05,Beyond the Valley of the Dolls,1970,https://letterboxd.com/film/beyond-the-valley-of-the-dolls/
2013-04-06,Lone Wolf and Cub: Sword of Vengeance,1972,https://letterboxd.com/film/lone-wolf-and-cub-sword-of-vengeance/
2013-04-06,A Woman Under the Influence,1974,https://letterboxd.com/film/a-woman-under-the-influence/
2013-04-06,The Killing of a Chinese Bookie,1976,https://letterboxd.com/film/the-killing-of-a-chinese-bookie/
2013-04-07,Hard Eight,1996,https://letterboxd.com/film/hard-eight/
2013-04-09,Black Narcissus,1947,https://letterboxd.com/film/black-narcissus/
2013-04-09,Easy Rider,1969,https://letterboxd.com/film/easy-rider/
2013-04-09,The Cat o' Nine Tails,1971,https://letterboxd.com/film/the-cat-o-nine-tails/
2013-04-09,Alice Doesn't Live Here Anymore,1974,https://letterboxd.com/film/alice-doesnt-live-here-anymore/
2013-04-09,Rollerball,1975,https://letterboxd.com/film/rollerball/
2013-04-09,High Anxiety,1977,https://letterboxd.com/film/high-anxiety/
2013-04-09,Sweetgrass,2009,https://letterboxd.com/film/sweetgrass/
2013-04-09,"Fast, Cheap & Out of Control",1997,https://letterboxd.com/film/fast-cheap-out-of-control/
2013-04-10,The Ventriloquist,2012,https://letterboxd.com/film/the-ventriloquist/
2013-04-10,Captain Blood,1935,https://letterboxd.com/film/captain-blood/
2013-04-10,Son of Frankenstein,1939,https://letterboxd.com/film/son-of-frankenstein/
2013-04-10,The Bad Lieutenant: Port of Call - New Orleans,2009,https://letterboxd.com/film/the-bad-lieutenant-port-of-call-new-orleans/
2013-04-10,Still Walking,2008,https://letterboxd.com/film/still-walking/
2013-04-11,The Cabinet of Dr. Caligari,1920,https://letterboxd.com/film/the-cabinet-of-dr-caligari-1920/
2013-04-11,A Christmas Carol,1999,https://letterboxd.com/film/a-christmas-carol-1999/
2013-04-12,All About Eve,1950,https://letterboxd.com/film/all-about-eve/
2013-04-12,Sans Soleil,1983,https://letterboxd.com/film/sans-soleil/
2013-04-12,Crimes and Misdemeanors,1989,https://letterboxd.com/film/crimes-and-misdemeanors/
2013-04-12,The Colour of Paradise,1999,https://letterboxd.com/film/the-colour-of-paradise/
2013-04-13,Where Eagles Dare,1968,https://letterboxd.com/film/where-eagles-dare/
2013-04-13,Mirror,1975,https://letterboxd.com/film/mirror/
2013-04-15,The Hunter,2011,https://letterboxd.com/film/the-hunter-2011/
2013-04-16,Pieta,2012,https://letterboxd.com/film/pieta/
2013-04-16,In America,2002,https://letterboxd.com/film/in-america/
2013-04-16,The Long Goodbye,1973,https://letterboxd.com/film/the-long-goodbye/
2013-04-16,The Death of Mr. Lazarescu,2005,https://letterboxd.com/film/the-death-of-mr-lazarescu/
2013-04-17,Stroszek,1977,https://letterboxd.com/film/stroszek/
2013-04-18,The Hunt,1966,https://letterboxd.com/film/the-hunt-1966/
2013-04-18,Top of the Lake,2013,https://letterboxd.com/film/top-of-the-lake/
2013-04-18,The Masque of the Red Death,1964,https://letterboxd.com/film/the-masque-of-the-red-death/
2013-04-19,Park Row,1952,https://letterboxd.com/film/park-row/
2013-04-19,Naked Childhood,1968,https://letterboxd.com/film/naked-childhood/
2013-04-19,Under the Sun of Satan,1987,https://letterboxd.com/film/under-the-sun-of-satan/
2013-04-20,Blindness,2008,https://letterboxd.com/film/blindness/
2013-04-21,Nuts in May,1976,https://letterboxd.com/film/nuts-in-may/
2013-04-22,Black Snake Moan,2006,https://letterboxd.com/film/black-snake-moan/
2013-04-22,Hustle & Flow,2005,https://letterboxd.com/film/hustle-flow/
2013-04-22,City of Life and Death,2009,https://letterboxd.com/film/city-of-life-and-death/
2013-04-23,Disconnect,2012,https://letterboxd.com/film/disconnect/
2013-04-23,The Spirit of the Beehive,1973,https://letterboxd.com/film/the-spirit-of-the-beehive/
2013-04-23,Burden of Dreams,1982,https://letterboxd.com/film/burden-of-dreams/
2013-04-23,Urusei Yatsura 2: Beautiful Dreamer,1984,https://letterboxd.com/film/urusei-yatsura-2-beautiful-dreamer/
2013-04-23,The Illusionist,2010,https://letterboxd.com/film/the-illusionist-2010/
2013-04-23,Shotgun Stories,2007,https://letterboxd.com/film/shotgun-stories/
2013-04-24,Häxan,1922,https://letterboxd.com/film/haxan/
2013-04-24,Morvern Callar,2002,https://letterboxd.com/film/morvern-callar/
2013-04-24,The Woodsman,2004,https://letterboxd.com/film/the-woodsman/
2013-04-24,Harry Dean Stanton: Partly Fiction,2012,https://letterboxd.com/film/harry-dean-stanton-partly-fiction/
2013-04-24,Prisoners,2013,https://letterboxd.com/film/prisoners/
2013-04-25,My Night at Maud's,1969,https://letterboxd.com/film/my-night-at-mauds/
2013-04-25,Water and Power,1989,https://letterboxd.com/film/water-and-power/
2013-04-25,Talaash,2012,https://letterboxd.com/film/talaash/
2013-04-25,Silent Souls,2010,https://letterboxd.com/film/silent-souls/
2013-04-26,Post Tenebras Lux,2012,https://letterboxd.com/film/post-tenebras-lux/
2013-04-26,Paradise: Love,2012,https://letterboxd.com/film/paradise-love/
2013-04-27,The Hard Way,1991,https://letterboxd.com/film/the-hard-way-1991/
2013-04-27,"Duck, You Sucker",1971,https://letterboxd.com/film/duck-you-sucker/
2013-04-27,A Matter of Life and Death,1946,https://letterboxd.com/film/a-matter-of-life-and-death/
2013-04-27,Chaplin,1992,https://letterboxd.com/film/chaplin/
2013-04-27,The Suspended Step of the Stork,1991,https://letterboxd.com/film/the-suspended-step-of-the-stork/
2013-04-27,Landscape in the Mist,1988,https://letterboxd.com/film/landscape-in-the-mist/
2013-04-27,To Each His Own Cinema,2007,https://letterboxd.com/film/to-each-his-own-cinema/
2013-04-27,Interview with the Vampire,1994,https://letterboxd.com/film/interview-with-the-vampire/
2013-04-28,The Invisible War,2012,https://letterboxd.com/film/the-invisible-war/
2013-04-28,I Walked with a Zombie,1943,https://letterboxd.com/film/i-walked-with-a-zombie/
2013-04-28,Marley,2012,https://letterboxd.com/film/marley/
2013-04-28,His Girl Friday,1940,https://letterboxd.com/film/his-girl-friday/
2013-04-28,Bringing Up Baby,1938,https://letterboxd.com/film/bringing-up-baby/
2013-04-28,Rio Bravo,1959,https://letterboxd.com/film/rio-bravo/
2013-04-28,Gentlemen Prefer Blondes,1953,https://letterboxd.com/film/gentlemen-prefer-blondes/
2013-04-28,Footnote,2011,https://letterboxd.com/film/footnote/
2013-04-28,Beaufort,2007,https://letterboxd.com/film/beaufort/
2013-04-29,Patton,1970,https://letterboxd.com/film/patton/
2013-04-29,House of Sand and Fog,2003,https://letterboxd.com/film/house-of-sand-and-fog/
2013-04-29,The Stranger,1946,https://letterboxd.com/film/the-stranger/
2013-04-29,Gozu,2003,https://letterboxd.com/film/gozu/
2013-04-30,"OSS 117: Cairo, Nest of Spies",2006,https://letterboxd.com/film/oss-117-cairo-nest-of-spies/
2013-04-30,Like Someone in Love,2012,https://letterboxd.com/film/like-someone-in-love/
2013-05-01,I Love You Rosa,1972,https://letterboxd.com/film/i-love-you-rosa/
2013-05-02,Guess Who's Coming to Dinner,1967,https://letterboxd.com/film/guess-whos-coming-to-dinner/
2013-05-02,Vision – From the Life of Hildegard von Bingen,2009,https://letterboxd.com/film/vision-from-the-life-of-hildegard-von-bingen/
2013-05-02,The Lost Honor of Katharina Blum,1975,https://letterboxd.com/film/the-lost-honor-of-katharina-blum/
2013-05-02,Phenomena,1985,https://letterboxd.com/film/phenomena/
2013-05-03,Sound of Noise,2010,https://letterboxd.com/film/sound-of-noise/
2013-05-03,The Young Poisoner's Handbook,1995,https://letterboxd.com/film/the-young-poisoners-handbook/
2013-05-03,Z,1969,https://letterboxd.com/film/z/
2013-05-03,Missing,1982,https://letterboxd.com/film/missing/
2013-05-05,Loves of a Blonde,1965,https://letterboxd.com/film/loves-of-a-blonde/
2013-05-05,Kill!,1968,https://letterboxd.com/film/kill-1968/
2013-05-06,Sightseers,2012,https://letterboxd.com/film/sightseers/
2013-05-07,In the House,2012,https://letterboxd.com/film/in-the-house/
2013-05-07,Warrior,2011,https://letterboxd.com/film/warrior/
2013-05-07,A Town Called Panic,2009,https://letterboxd.com/film/a-town-called-panic/
2013-05-07,Dick,1999,https://letterboxd.com/film/dick/
2013-05-07,Ex Drummer,2007,https://letterboxd.com/film/ex-drummer/
2013-05-08,Reign Over Me,2007,https://letterboxd.com/film/reign-over-me/
2013-05-08,The Fabulous Baker Boys,1989,https://letterboxd.com/film/the-fabulous-baker-boys/
2013-05-08,Taking Chance,2009,https://letterboxd.com/film/taking-chance/
2013-05-08,I'm Not Scared,2003,https://letterboxd.com/film/im-not-scared/
2013-05-09,To Be or Not to Be,1942,https://letterboxd.com/film/to-be-or-not-to-be/
2013-05-09,In Darkness,2011,https://letterboxd.com/film/in-darkness-2011/
2013-05-10,Michael,2011,https://letterboxd.com/film/michael/
2013-05-10,North to Alaska,1960,https://letterboxd.com/film/north-to-alaska/
2013-05-10,A Talking Cat!?!,2013,https://letterboxd.com/film/a-talking-cat/
2013-05-11,The Last Bolshevik,1993,https://letterboxd.com/film/the-last-bolshevik/
2013-05-13,He Got Game,1998,https://letterboxd.com/film/he-got-game/
2013-05-13,Bamboozled,2000,https://letterboxd.com/film/bamboozled/
2013-05-13,Do the Right Thing,1989,https://letterboxd.com/film/do-the-right-thing/
2013-05-26,The Past,2013,https://letterboxd.com/film/the-past/
2013-05-26,Frances Ha,2012,https://letterboxd.com/film/frances-ha/
2013-05-27,The Cloud-Capped Star,1960,https://letterboxd.com/film/the-cloud-capped-star/
2013-05-27,TimeScapes,2012,https://letterboxd.com/film/timescapes/
2013-05-31,Girl Walk // All Day,2011,https://letterboxd.com/film/girl-walk-all-day/
2013-05-31,Blue Is the Warmest Color,2013,https://letterboxd.com/film/blue-is-the-warmest-color/
2013-05-31,Heli,2013,https://letterboxd.com/film/heli/
2013-05-31,Behind the Candelabra,2013,https://letterboxd.com/film/behind-the-candelabra/
2013-05-31,Nebraska,2013,https://letterboxd.com/film/nebraska/
2013-05-31,"Like Father, Like Son",2013,https://letterboxd.com/film/like-father-like-son-2013/
2013-05-31,A Day in the Country,1936,https://letterboxd.com/film/a-day-in-the-country/
2013-05-31,The River,1951,https://letterboxd.com/film/the-river/
2013-05-31,Grand Illusion,1937,https://letterboxd.com/film/grand-illusion/
2013-06-01,Midnight Ballad for Ghost Theater,2006,https://letterboxd.com/film/midnight-ballad-for-ghost-theater/
2013-06-01,The Squid and the Whale,2005,https://letterboxd.com/film/the-squid-and-the-whale/
2013-06-01,Greenberg,2010,https://letterboxd.com/film/greenberg/
2013-06-01,Kicking and Screaming,1995,https://letterboxd.com/film/kicking-and-screaming/
2013-06-02,The Stunt Man,1980,https://letterboxd.com/film/the-stunt-man/
2013-06-02,Meshes of the Afternoon,1943,https://letterboxd.com/film/meshes-of-the-afternoon/
2013-06-02,Tokyo Drifter,1966,https://letterboxd.com/film/tokyo-drifter/
2013-06-03,Hoop Dreams,1994,https://letterboxd.com/film/hoop-dreams/
2013-06-03,Chicago,2002,https://letterboxd.com/film/chicago/
2013-06-03,These Amazing Shadows,2011,https://letterboxd.com/film/these-amazing-shadows/
2013-06-03,Welcome to the Punch,2013,https://letterboxd.com/film/welcome-to-the-punch/
2013-06-03,Byzantium,2012,https://letterboxd.com/film/byzantium/
2013-06-03,Simon of the Desert,1965,https://letterboxd.com/film/simon-of-the-desert/
2013-06-04,Buffalo '66,1998,https://letterboxd.com/film/buffalo-66/
2013-06-05,Valerie and Her Week of Wonders,1970,https://letterboxd.com/film/valerie-and-her-week-of-wonders/
2013-06-05,Gomorrah,2008,https://letterboxd.com/film/gomorrah/
2013-06-06,Mr. Smith Goes to Washington,1939,https://letterboxd.com/film/mr-smith-goes-to-washington/
2013-06-06,Shadows of Forgotten Ancestors,1965,https://letterboxd.com/film/shadows-of-forgotten-ancestors/
2013-06-06,The Color of Pomegranates,1969,https://letterboxd.com/film/the-color-of-pomegranates/
2013-06-07,The Age of Innocence,1993,https://letterboxd.com/film/the-age-of-innocence/
2013-06-07,The Unbearable Lightness of Being,1988,https://letterboxd.com/film/the-unbearable-lightness-of-being/
2013-06-07,Marathon Man,1976,https://letterboxd.com/film/marathon-man/
2013-06-07,High Sierra,1941,https://letterboxd.com/film/high-sierra/
2013-06-10,Affliction,1997,https://letterboxd.com/film/affliction/
2013-06-10,American Gigolo,1980,https://letterboxd.com/film/american-gigolo/
2013-06-10,Mishima: A Life in Four Chapters,1985,https://letterboxd.com/film/mishima-a-life-in-four-chapters/
2013-06-10,A Tale of Two Sisters,2003,https://letterboxd.com/film/a-tale-of-two-sisters/
2013-06-11,Close-Up,1990,https://letterboxd.com/film/close-up/
2013-06-11,Manhattan,1979,https://letterboxd.com/film/manhattan/
2013-06-11,The Bling Ring,2013,https://letterboxd.com/film/the-bling-ring/
2013-06-11,Somewhere,2010,https://letterboxd.com/film/somewhere/
2013-06-11,The Virgin Suicides,1999,https://letterboxd.com/film/the-virgin-suicides/
2013-06-12,Sergeant York,1941,https://letterboxd.com/film/sergeant-york/
2013-06-12,Pit and the Pendulum,1961,https://letterboxd.com/film/pit-and-the-pendulum/
2013-06-13,Scoop,2006,https://letterboxd.com/film/scoop/
2013-06-13,Sleeper,1973,https://letterboxd.com/film/sleeper/
2013-06-13,Bananas,1971,https://letterboxd.com/film/bananas/
2013-06-15,RED,2010,https://letterboxd.com/film/red-2010/
2013-06-16,Castaway on the Moon,2009,https://letterboxd.com/film/castaway-on-the-moon/
2013-06-16,Unthinkable,2010,https://letterboxd.com/film/unthinkable/
2013-06-17,Arthur,1981,https://letterboxd.com/film/arthur/
2013-06-17,The Opposite of Sex,1998,https://letterboxd.com/film/the-opposite-of-sex/
2013-06-18,A Simple Life,2011,https://letterboxd.com/film/a-simple-life/
2013-06-18,Lights in the Dusk,2006,https://letterboxd.com/film/lights-in-the-dusk/
2013-06-19,Casino,1995,https://letterboxd.com/film/casino/
2013-06-19,Mean Streets,1973,https://letterboxd.com/film/mean-streets/
2013-06-19,In the Realm of the Senses,1976,https://letterboxd.com/film/in-the-realm-of-the-senses/
2013-06-19,An Oversimplification of Her Beauty,2012,https://letterboxd.com/film/an-oversimplification-of-her-beauty/
2013-06-19,Private Lives,1931,https://letterboxd.com/film/private-lives/
2013-06-20,A Lizard in a Woman's Skin,1971,https://letterboxd.com/film/a-lizard-in-a-womans-skin/
2013-06-20,Don't Torture a Duckling,1972,https://letterboxd.com/film/dont-torture-a-duckling/
2013-06-20,Zombie Flesh Eaters,1979,https://letterboxd.com/film/zombie-flesh-eaters/
2013-06-20,Merry Wives of Reno,1934,https://letterboxd.com/film/merry-wives-of-reno/
2013-06-21,Dark Passage,1947,https://letterboxd.com/film/dark-passage/
2013-06-22,Excision,2012,https://letterboxd.com/film/excision/
2013-06-22,Titicut Follies,1967,https://letterboxd.com/film/titicut-follies/
2013-06-22,High School,1968,https://letterboxd.com/film/high-school/
2013-06-22,Rififi,1955,https://letterboxd.com/film/rififi/
2013-06-22,Lesson of the Evil,2012,https://letterboxd.com/film/lesson-of-the-evil/
2013-06-22,Vampire's Kiss,1988,https://letterboxd.com/film/vampires-kiss/
2013-06-23,Sanshiro Sugata,1943,https://letterboxd.com/film/sanshiro-sugata/
2013-06-23,Kiss Me Deadly,1955,https://letterboxd.com/film/kiss-me-deadly/
2013-06-24,JCVD,2008,https://letterboxd.com/film/jcvd/
2013-06-24,Bloodsport,1988,https://letterboxd.com/film/bloodsport/
2013-06-24,Universal Soldier: Day of Reckoning,2012,https://letterboxd.com/film/universal-soldier-day-of-reckoning/
2013-06-24,Timecop,1994,https://letterboxd.com/film/timecop/
2013-06-24,Universal Soldier,1992,https://letterboxd.com/film/universal-soldier/
2013-06-24,The Poseidon Adventure,1972,https://letterboxd.com/film/the-poseidon-adventure/
2013-06-24,Heist,2001,https://letterboxd.com/film/heist/
2013-06-25,Stolen Kisses,1968,https://letterboxd.com/film/stolen-kisses/
2013-06-25,Moloch,1999,https://letterboxd.com/film/moloch/
2013-06-25,The Tower,2012,https://letterboxd.com/film/the-tower-2012/
2013-06-25,A Story of Children and Film,2013,https://letterboxd.com/film/a-story-of-children-and-film/
2013-06-26,Love Exposure,2008,https://letterboxd.com/film/love-exposure/
2013-06-27,24 Hour Party People,2002,https://letterboxd.com/film/24-hour-party-people/
2013-06-27,Far from Heaven,2002,https://letterboxd.com/film/far-from-heaven/
2013-06-27,Newsies,1992,https://letterboxd.com/film/newsies/
2013-06-27,The Last Movie,1971,https://letterboxd.com/film/the-last-movie/
2013-06-28,Infernal Affairs,2002,https://letterboxd.com/film/infernal-affairs/
2013-06-29,McCabe & Mrs. Miller,1971,https://letterboxd.com/film/mccabe-mrs-miller/
2013-06-29,3 Women,1977,https://letterboxd.com/film/3-women/
2013-06-29,A Royal Affair,2012,https://letterboxd.com/film/a-royal-affair/
2013-06-30,100 Bloody Acres,2012,https://letterboxd.com/film/100-bloody-acres/
2013-07-01,Millions,2004,https://letterboxd.com/film/millions/
2013-07-01,The Unfaithful Wife,1969,https://letterboxd.com/film/the-unfaithful-wife/
2013-07-01,Le Boucher,1970,https://letterboxd.com/film/le-boucher/
2013-07-01,Limelight,1952,https://letterboxd.com/film/limelight/
2013-07-01,Prick Up Your Ears,1987,https://letterboxd.com/film/prick-up-your-ears/
2013-07-01,High Fidelity,2000,https://letterboxd.com/film/high-fidelity/
2013-07-02,Magic Mike,2012,https://letterboxd.com/film/magic-mike/
2013-07-02,In Cold Blood,1967,https://letterboxd.com/film/in-cold-blood/
2013-07-02,Anguish,1987,https://letterboxd.com/film/anguish/
2013-07-02,A City of Sadness,1989,https://letterboxd.com/film/a-city-of-sadness/
2013-07-02,Santa Sangre,1989,https://letterboxd.com/film/santa-sangre/
2013-07-02,The Holy Mountain,1973,https://letterboxd.com/film/the-holy-mountain/
2013-07-02,Memories of Underdevelopment,1968,https://letterboxd.com/film/memories-of-underdevelopment/
2013-07-02,Our Man in Havana,1959,https://letterboxd.com/film/our-man-in-havana/
2013-07-02,Royal Space Force - The Wings Of Honneamise,1987,https://letterboxd.com/film/royal-space-force-the-wings-of-honneamise/
2013-07-03,Joint Security Area,2000,https://letterboxd.com/film/joint-security-area/
2013-07-03,Pierrot le Fou,1965,https://letterboxd.com/film/pierrot-le-fou/
2013-07-03,Brigadoon,1954,https://letterboxd.com/film/brigadoon/
2013-07-03,Man Facing Southeast,1986,https://letterboxd.com/film/man-facing-southeast/
2013-07-03,Election,2005,https://letterboxd.com/film/election-2005/
2013-07-06,The Scent of Green Papaya,1993,https://letterboxd.com/film/the-scent-of-green-papaya/
2013-07-06,Ponette,1996,https://letterboxd.com/film/ponette/
2013-07-06,Toto the Hero,1991,https://letterboxd.com/film/toto-the-hero/
2013-07-06,The Day of the Jackal,1973,https://letterboxd.com/film/the-day-of-the-jackal/
2013-07-06,From Here to Eternity,1953,https://letterboxd.com/film/from-here-to-eternity/
2013-07-06,Junebug,2005,https://letterboxd.com/film/junebug/
2013-07-06,Tomboy,2011,https://letterboxd.com/film/tomboy-2011/
2013-07-06,A Field in England,2013,https://letterboxd.com/film/a-field-in-england/
2013-07-06,Kill List,2011,https://letterboxd.com/film/kill-list/
2013-07-08,28 Up,1984,https://letterboxd.com/film/28-up/
2013-07-08,42 Up,1998,https://letterboxd.com/film/42-up/
2013-07-08,56 Up,2012,https://letterboxd.com/film/56-up/
2013-07-08,35 Up,1991,https://letterboxd.com/film/35-up/
2013-07-08,49 Up,2005,https://letterboxd.com/film/49-up/
2013-07-09,Wings,1966,https://letterboxd.com/film/wings-1966/
2013-07-16,New World,2013,https://letterboxd.com/film/new-world/
2013-07-17,Adventureland,2009,https://letterboxd.com/film/adventureland/
2013-07-17,Red Sorghum,1987,https://letterboxd.com/film/red-sorghum/
2013-07-17,Floating Weeds,1959,https://letterboxd.com/film/floating-weeds/
2013-07-17,"I Was Born, But...",1932,https://letterboxd.com/film/i-was-born-but/
2013-07-17,Late Spring,1949,https://letterboxd.com/film/late-spring/
2013-07-18,Wake in Fright,1971,https://letterboxd.com/film/wake-in-fright/
2013-07-18,My Winnipeg,2007,https://letterboxd.com/film/my-winnipeg/
2013-07-19,Au Hasard Balthazar,1966,https://letterboxd.com/film/au-hasard-balthazar/
2013-07-19,Pickpocket,1959,https://letterboxd.com/film/pickpocket/
2013-07-19,The Trial of Joan of Arc,1962,https://letterboxd.com/film/the-trial-of-joan-of-arc/
2013-07-21,To Live and Die in L.A.,1985,https://letterboxd.com/film/to-live-and-die-in-la/
2013-07-21,For All Mankind,1989,https://letterboxd.com/film/for-all-mankind/
2013-07-27,Drug War,2012,https://letterboxd.com/film/drug-war/
2013-07-27,Vengeance,2009,https://letterboxd.com/film/vengeance/
2013-08-01,Gertrud,1964,https://letterboxd.com/film/gertrud/
2013-08-03,L'Argent,1983,https://letterboxd.com/film/largent-1983/
2013-08-04,A Bridge Too Far,1977,https://letterboxd.com/film/a-bridge-too-far/
2013-08-04,In the Heat of the Night,1967,https://letterboxd.com/film/in-the-heat-of-the-night/
2013-08-04,In the Name of the Father,1993,https://letterboxd.com/film/in-the-name-of-the-father-1993/
2013-08-05,Early Summer,1951,https://letterboxd.com/film/early-summer/
2013-08-06,Wilde,1997,https://letterboxd.com/film/wilde/
2013-08-14,Lore,2012,https://letterboxd.com/film/lore/
2013-08-17,The Fifth Season,2012,https://letterboxd.com/film/the-fifth-season/
2013-08-17,Amazing Grace,2006,https://letterboxd.com/film/amazing-grace-2006/
2013-08-20,Dear Censor… The secret archive of the British Board of Film Classification,2011,https://letterboxd.com/film/dear-censor-the-secret-archive-of-the-british-board-of-film-classification/
2013-08-20,Nashville,1975,https://letterboxd.com/film/nashville/
2013-08-20,Inland Empire,2006,https://letterboxd.com/film/inland-empire/
2013-08-21,The Northerners,1992,https://letterboxd.com/film/the-northerners/
2013-08-22,Woochi: The Demon Slayer,2009,https://letterboxd.com/film/woochi-the-demon-slayer/
2013-08-25,The Public Enemy,1931,https://letterboxd.com/film/the-public-enemy/
2013-08-26,Talk to Her,2002,https://letterboxd.com/film/talk-to-her/
2013-08-29,The Face of Another,1966,https://letterboxd.com/film/the-face-of-another/
2013-08-30,A Canterbury Tale,1944,https://letterboxd.com/film/a-canterbury-tale/
2013-08-31,I Declare War,2012,https://letterboxd.com/film/i-declare-war/
2013-09-01,Timecrimes,2007,https://letterboxd.com/film/timecrimes/
2013-09-04,Museum Hours,2012,https://letterboxd.com/film/museum-hours/
2013-09-04,Friend,2001,https://letterboxd.com/film/friend/
2013-09-04,George Washington,2000,https://letterboxd.com/film/george-washington/
2013-09-04,The Idiots,1998,https://letterboxd.com/film/the-idiots/
2013-09-04,Nanook of the North,1922,https://letterboxd.com/film/nanook-of-the-north/
2013-09-04,Way Down East,1920,https://letterboxd.com/film/way-down-east/
2013-09-04,Ninotchka,1939,https://letterboxd.com/film/ninotchka/
2013-09-04,The Shop Around the Corner,1940,https://letterboxd.com/film/the-shop-around-the-corner/
2013-09-04,Design for Living,1933,https://letterboxd.com/film/design-for-living/
2013-09-04,La Ronde,1950,https://letterboxd.com/film/la-ronde/
2013-09-04,The Blue Angel,1930,https://letterboxd.com/film/the-blue-angel/
2013-09-06,Last Life in the Universe,2003,https://letterboxd.com/film/last-life-in-the-universe/
2013-09-06,Fitzcarraldo,1982,https://letterboxd.com/film/fitzcarraldo/
2013-09-08,The Unloved,2009,https://letterboxd.com/film/the-unloved/
2013-09-10,The Beautiful Country,2004,https://letterboxd.com/film/the-beautiful-country/
2013-09-10,Incendies,2010,https://letterboxd.com/film/incendies/
2013-09-11,Class Trip,1998,https://letterboxd.com/film/class-trip-1998/
2013-09-11,"Paris, Je T'Aime",2006,https://letterboxd.com/film/paris-je-taime/
2013-09-12,Love,1971,https://letterboxd.com/film/love-1971/
2013-09-13,K-PAX,2001,https://letterboxd.com/film/k-pax/
2013-09-13,Candy,2006,https://letterboxd.com/film/candy-2006/
2013-09-13,Them!,1954,https://letterboxd.com/film/them/
2013-09-20,Z Channel: A Magnificent Obsession,2004,https://letterboxd.com/film/z-channel-a-magnificent-obsession/
2013-09-24,Maruyama the Middle Schooler,2013,https://letterboxd.com/film/maruyama-the-middle-schooler/
2013-09-24,Suzanne's Career,1963,https://letterboxd.com/film/suzannes-career/
2013-10-03,Space Battleship Yamato,2010,https://letterboxd.com/film/space-battleship-yamato-2010/
2013-10-04,Seconds,1966,https://letterboxd.com/film/seconds/
2013-10-11,The Purple Rose of Cairo,1985,https://letterboxd.com/film/the-purple-rose-of-cairo/
2013-10-14,The Spectacular Now,2013,https://letterboxd.com/film/the-spectacular-now/
2013-10-18,Out of the Blue,1980,https://letterboxd.com/film/out-of-the-blue/
2013-10-21,Pontypool,2008,https://letterboxd.com/film/pontypool/
2013-10-21,Le Joli Mai,1963,https://letterboxd.com/film/le-joli-mai/
2013-10-21,Fill the Void,2012,https://letterboxd.com/film/fill-the-void/
2013-10-22,The Square,2013,https://letterboxd.com/film/the-square-2013/
2013-10-22,The Abominable Dr. Phibes,1971,https://letterboxd.com/film/the-abominable-dr-phibes/
2013-10-22,Tenebre,1982,https://letterboxd.com/film/tenebre/
2013-10-25,Ain't Them Bodies Saints,2013,https://letterboxd.com/film/aint-them-bodies-saints/
2013-10-29,The Red Shoes,1948,https://letterboxd.com/film/the-red-shoes/
2013-10-29,Make Way for Tomorrow,1937,https://letterboxd.com/film/make-way-for-tomorrow/
2013-10-31,Matchstick Men,2003,https://letterboxd.com/film/matchstick-men/
2013-10-31,Vengeance Is Mine,1979,https://letterboxd.com/film/vengeance-is-mine/
2013-11-04,The Adventures of Baron Munchausen,1988,https://letterboxd.com/film/the-adventures-of-baron-munchausen/
2013-11-06,The Wicker Man,1973,https://letterboxd.com/film/the-wicker-man/
2013-11-07,The Big Combo,1955,https://letterboxd.com/film/the-big-combo/
2013-11-08,Army of Shadows,1969,https://letterboxd.com/film/army-of-shadows/
2013-11-11,Nobody Knows,2004,https://letterboxd.com/film/nobody-knows/
2013-11-11,Straight Time,1978,https://letterboxd.com/film/straight-time/
2013-11-12,All Is Lost,2013,https://letterboxd.com/film/all-is-lost/
2013-11-17,Daisies,1966,https://letterboxd.com/film/daisies/
2013-11-19,What Maisie Knew,2012,https://letterboxd.com/film/what-maisie-knew/
2013-11-23,The Crying Game,1992,https://letterboxd.com/film/the-crying-game/
2013-11-23,A Cock and Bull Story,2005,https://letterboxd.com/film/a-cock-and-bull-story/
2013-11-24,A Bronx Tale,1993,https://letterboxd.com/film/a-bronx-tale/
2013-11-24,Gigi,1958,https://letterboxd.com/film/gigi/
2013-11-25,Four Shades of Brown,2004,https://letterboxd.com/film/four-shades-of-brown/
2013-11-29,Under the Skin,2013,https://letterboxd.com/film/under-the-skin-2013/
2013-11-30,"Planes, Trains and Automobiles",1987,https://letterboxd.com/film/planes-trains-and-automobiles/
2013-12-01,This Is Martin Bonner,2013,https://letterboxd.com/film/this-is-martin-bonner/
2013-12-01,Pleasantville,1998,https://letterboxd.com/film/pleasantville/
2013-12-06,Stranger Than Paradise,1984,https://letterboxd.com/film/stranger-than-paradise/
2013-12-06,Doggiewoggiez! Poochiewoochiez!,2012,https://letterboxd.com/film/doggiewoggiez-poochiewoochiez/
2013-12-06,Zazie dans le Métro,1960,https://letterboxd.com/film/zazie-dans-le-metro/
2013-12-07,Tchoupitoulas,2012,https://letterboxd.com/film/tchoupitoulas/
2013-12-09,The Great Beauty,2013,https://letterboxd.com/film/the-great-beauty/
2013-12-10,Bleak Night,2010,https://letterboxd.com/film/bleak-night/
2013-12-13,The Deep Blue Sea,2011,https://letterboxd.com/film/the-deep-blue-sea/
2013-12-13,Computer Chess,2013,https://letterboxd.com/film/computer-chess/
2013-12-14,The Saddest Music in the World,2003,https://letterboxd.com/film/the-saddest-music-in-the-world/
2013-12-27,The Skywalk Is Gone,2002,https://letterboxd.com/film/the-skywalk-is-gone/
2013-12-27,I'm Not There.,2007,https://letterboxd.com/film/im-not-there/
2013-12-30,Silence,1971,https://letterboxd.com/film/silence-1971/
2013-12-30,Pale Flower,1964,https://letterboxd.com/film/pale-flower/
2014-01-07,The Name of the Rose,1986,https://letterboxd.com/film/the-name-of-the-rose/
2014-01-08,Short Term 12,2013,https://letterboxd.com/film/short-term-12-2013/
2014-01-08,The Selfish Giant,2013,https://letterboxd.com/film/the-selfish-giant-2013/
2014-01-08,Stray Dogs,2013,https://letterboxd.com/film/stray-dogs-2013/
2014-01-08,Why Don't You Play in Hell?,2013,https://letterboxd.com/film/why-dont-you-play-in-hell/
2014-01-08,"Norte, the End of History",2013,https://letterboxd.com/film/norte-the-end-of-history/
2014-01-08,West of Memphis,2012,https://letterboxd.com/film/west-of-memphis/
2014-01-08,The Garden of Words,2013,https://letterboxd.com/film/the-garden-of-words/
2014-01-08,The Battery,2012,https://letterboxd.com/film/the-battery-2012/
2014-01-08,Rush,2013,https://letterboxd.com/film/rush-2013/
2014-01-09,The Extraordinary Voyage,2011,https://letterboxd.com/film/the-extraordinary-voyage/
2014-01-09,Nostalgia,1983,https://letterboxd.com/film/nostalgia-1983/
2014-01-10,Five Easy Pieces,1970,https://letterboxd.com/film/five-easy-pieces/
2014-01-10,Notes on a Scandal,2006,https://letterboxd.com/film/notes-on-a-scandal/
2014-01-10,Jane Eyre,2011,https://letterboxd.com/film/jane-eyre-2011/
2014-01-11,We Are What We Are,2013,https://letterboxd.com/film/we-are-what-we-are-2013/
2014-01-11,Death of a Salesman,1985,https://letterboxd.com/film/death-of-a-salesman/
2014-01-11,Cold Mountain,2003,https://letterboxd.com/film/cold-mountain/
2014-01-11,Con Air,1997,https://letterboxd.com/film/con-air/
2014-01-22,Portrait of Jason,1967,https://letterboxd.com/film/portrait-of-jason/
2014-01-23,Big Bad Wolves,2013,https://letterboxd.com/film/big-bad-wolves/
2014-01-23,Whores' Glory,2011,https://letterboxd.com/film/whores-glory/
2014-01-25,At Berkeley,2013,https://letterboxd.com/film/at-berkeley/
2014-01-25,I Know That Voice,2013,https://letterboxd.com/film/i-know-that-voice/
2014-01-27,Class of 1984,1982,https://letterboxd.com/film/class-of-1984/
2014-02-01,Lola Montès,1955,https://letterboxd.com/film/lola-montes/
2014-02-01,The Leopard,1963,https://letterboxd.com/film/the-leopard/
2014-02-01,Walt: The Man Behind the Myth,2001,https://letterboxd.com/film/walt-the-man-behind-the-myth/
2014-02-01,Dead Ringers,1988,https://letterboxd.com/film/dead-ringers/
2014-02-04,Super,2010,https://letterboxd.com/film/super-2010/
2014-02-05,Marvel One-Shot: Agent Carter,2013,https://letterboxd.com/film/marvel-one-shot-agent-carter/
2014-02-13,House of Games,1987,https://letterboxd.com/film/house-of-games/
2014-02-13,Citizen Ruth,1996,https://letterboxd.com/film/citizen-ruth/
2014-02-16,Thou Wast Mild and Lovely,2014,https://letterboxd.com/film/thou-wast-mild-and-lovely/
2014-02-17,In a Lonely Place,1950,https://letterboxd.com/film/in-a-lonely-place/
2014-02-20,Taking Tiger Mountain,1982,https://letterboxd.com/film/taking-tiger-mountain/
2014-02-22,Providence,1977,https://letterboxd.com/film/providence/
2014-02-25,Passenger,1963,https://letterboxd.com/film/passenger/
2014-02-26,The Sorrow and the Pity,1969,https://letterboxd.com/film/the-sorrow-and-the-pity/
2014-03-12,Picnic at Hanging Rock,1975,https://letterboxd.com/film/picnic-at-hanging-rock/
2014-03-29,Girl Rising,2013,https://letterboxd.com/film/girl-rising/
2014-04-18,1971,2014,https://letterboxd.com/film/1971-2014/
2014-04-18,The Civil War,1990,https://letterboxd.com/film/the-civil-war/
2014-04-22,The King of Kings,1927,https://letterboxd.com/film/the-king-of-kings/
2014-04-22,The Mill and the Cross,2011,https://letterboxd.com/film/the-mill-and-the-cross/
2014-04-24,Moolaadé,2004,https://letterboxd.com/film/moolaade/
2014-04-24,7 Women,1966,https://letterboxd.com/film/7-women/
2014-04-26,Rachel Getting Married,2008,https://letterboxd.com/film/rachel-getting-married/
2014-05-04,The Fighter,2010,https://letterboxd.com/film/the-fighter-2010/
2014-05-05,Enemy,2013,https://letterboxd.com/film/enemy/
2014-05-07,The Double,2013,https://letterboxd.com/film/the-double-2013/
2014-05-07,Roger Dodger,2002,https://letterboxd.com/film/roger-dodger/
2014-06-10,Day of Wrath,1943,https://letterboxd.com/film/day-of-wrath/
2014-06-30,Tetsuo: The Iron Man,1989,https://letterboxd.com/film/tetsuo-the-iron-man/
2014-07-11,Life Itself,2014,https://letterboxd.com/film/life-itself/
2014-07-24,The Life of Oharu,1952,https://letterboxd.com/film/the-life-of-oharu/
2014-07-26,The Flowers of St. Francis,1950,https://letterboxd.com/film/the-flowers-of-st-francis/
2014-07-30,Journey to the West: Conquering the Demons,2013,https://letterboxd.com/film/journey-to-the-west-conquering-the-demons/
2014-07-30,The Immigrant,2013,https://letterboxd.com/film/the-immigrant-2013/
2014-07-30,Gloria,2013,https://letterboxd.com/film/gloria-2013/
2014-08-10,Angels in America,2003,https://letterboxd.com/film/angels-in-america/
2014-08-14,Starred Up,2013,https://letterboxd.com/film/starred-up/
2014-08-15,Slither,2006,https://letterboxd.com/film/slither/
2014-08-21,Foxcatcher,2014,https://letterboxd.com/film/foxcatcher/
2014-08-21,Leviathan,2014,https://letterboxd.com/film/leviathan-2014/
2014-08-25,The Strange Little Cat,2013,https://letterboxd.com/film/the-strange-little-cat/
2014-08-29,Macbeth,2015,https://letterboxd.com/film/macbeth-2015/
2014-08-29,Blind,2014,https://letterboxd.com/film/blind-2014/
2014-08-29,The Lovers,1958,https://letterboxd.com/film/the-lovers/
2014-09-08,The Rover,2014,https://letterboxd.com/film/the-rover/
2014-09-11,A Pigeon Sat on a Branch Reflecting on Existence,2014,https://letterboxd.com/film/a-pigeon-sat-on-a-branch-reflecting-on-existence/
2014-09-12,Borgman,2013,https://letterboxd.com/film/borgman/
2014-09-14,The Piano,1993,https://letterboxd.com/film/the-piano/
2014-09-18,The One I Love,2014,https://letterboxd.com/film/the-one-i-love-2014/
2014-09-29,The Tale of the Princess Kaguya,2013,https://letterboxd.com/film/the-tale-of-the-princess-kaguya/
2014-10-06,The Boxer's Omen,1983,https://letterboxd.com/film/the-boxers-omen/
2014-10-14,Finding Vivian Maier,2013,https://letterboxd.com/film/finding-vivian-maier/
2014-10-14,Winter Sleep,2014,https://letterboxd.com/film/winter-sleep/
2014-10-14,Palo Alto,2013,https://letterboxd.com/film/palo-alto/
2014-10-16,Twin Peaks: Fire Walk with Me,1992,https://letterboxd.com/film/twin-peaks-fire-walk-with-me/
2014-10-30,Listen Up Philip,2014,https://letterboxd.com/film/listen-up-philip/
2014-11-02,Mysterious Skin,2004,https://letterboxd.com/film/mysterious-skin/
2014-11-03,Inside Llewyn Davis,2013,https://letterboxd.com/film/inside-llewyn-davis/
2014-11-21,The Call of the Entrepreneur,2007,https://letterboxd.com/film/the-call-of-the-entrepreneur/
2014-11-21,Eureka,2000,https://letterboxd.com/film/eureka-2000/
2015-01-11,Mommy,2014,https://letterboxd.com/film/mommy-2014/
2015-01-11,Force Majeure,2014,https://letterboxd.com/film/force-majeure-2014/
2015-03-24,No,2012,https://letterboxd.com/film/no-2012/
2015-05-01,Cobain: Montage of Heck,2015,https://letterboxd.com/film/cobain-montage-of-heck/
2015-05-07,Clouds of Sils Maria,2014,https://letterboxd.com/film/clouds-of-sils-maria/
2015-06-02,Amy,2015,https://letterboxd.com/film/amy-2015/
2015-06-02,American Ultra,2015,https://letterboxd.com/film/american-ultra/
2015-06-04,The Dark Horse,2014,https://letterboxd.com/film/the-dark-horse-2014/
2015-06-04,Me and Earl and the Dying Girl,2015,https://letterboxd.com/film/me-and-earl-and-the-dying-girl/
2015-06-08,Ida,2013,https://letterboxd.com/film/ida/
2015-06-12,Horror Express,1972,https://letterboxd.com/film/horror-express/
2015-06-16,Love & Mercy,2014,https://letterboxd.com/film/love-mercy/
2015-08-07,Elite Squad,2007,https://letterboxd.com/film/elite-squad/
2015-08-26,Mistress America,2015,https://letterboxd.com/film/mistress-america/
2015-09-05,Turbo Kid,2015,https://letterboxd.com/film/turbo-kid/
2015-09-21,Goodnight Mommy,2014,https://letterboxd.com/film/goodnight-mommy/
2015-09-30,Olive Kitteridge,2014,https://letterboxd.com/film/olive-kitteridge/
2015-10-02,The Jester's Tale,1964,https://letterboxd.com/film/the-jesters-tale/
2015-10-08,The Duke of Burgundy,2014,https://letterboxd.com/film/the-duke-of-burgundy/
2015-10-12,The Final Girls,2015,https://letterboxd.com/film/the-final-girls/
2015-10-15,Taxi,2015,https://letterboxd.com/film/taxi-2015/
2015-11-06,Bone Tomahawk,2015,https://letterboxd.com/film/bone-tomahawk/
2015-11-12,Tangerine,2015,https://letterboxd.com/film/tangerine/
2015-11-13,Room,2015,https://letterboxd.com/film/room-2015/
2015-11-17,The Assassin,2015,https://letterboxd.com/film/the-assassin-2015/
2015-11-17,Three Times,2005,https://letterboxd.com/film/three-times/
2015-11-21,Entertainment,2015,https://letterboxd.com/film/entertainment/
2015-11-24,Thief,1981,https://letterboxd.com/film/thief/
2015-12-08,Wolf Children,2012,https://letterboxd.com/film/wolf-children/
2015-12-08,Anomalisa,2015,https://letterboxd.com/film/anomalisa/
2015-12-08,The Man Who Planted Trees,1987,https://letterboxd.com/film/the-man-who-planted-trees/
2015-12-08,The Disappearance of Haruhi Suzumiya,2010,https://letterboxd.com/film/the-disappearance-of-haruhi-suzumiya/
2015-12-08,Hotarubi no Mori e,2011,https://letterboxd.com/film/hotarubi-no-mori-e/
2015-12-23,21-87,1963,https://letterboxd.com/film/21-87/
2015-12-29,Making a Murderer,2015,https://letterboxd.com/film/making-a-murderer/
2016-01-04,The Look of Silence,2014,https://letterboxd.com/film/the-look-of-silence/
2016-01-10,Witness for the Prosecution,1957,https://letterboxd.com/film/witness-for-the-prosecution-1957/
2016-01-18,Spotlight,2015,https://letterboxd.com/film/spotlight/
2016-01-18,The Second Mother,2015,https://letterboxd.com/film/the-second-mother/
2016-01-18,Son of Saul,2015,https://letterboxd.com/film/son-of-saul/
2016-01-18,Heneral Luna,2015,https://letterboxd.com/film/heneral-luna/
2016-01-18,Midnight Special,2016,https://letterboxd.com/film/midnight-special/
2016-07-12,Everybody Wants Some!!,2016,https://letterboxd.com/film/everybody-wants-some/
2016-07-12,The Wailing,2016,https://letterboxd.com/film/the-wailing/
2016-07-12,Voyage of Time: Life's Journey,2016,https://letterboxd.com/film/voyage-of-time-lifes-journey/
2016-07-25,The Lobster,2015,https://letterboxd.com/film/the-lobster/
2016-08-01,Pather Panchali,1955,https://letterboxd.com/film/pather-panchali/
2016-08-17,The Salesman,2016,https://letterboxd.com/film/the-salesman-2016/
2016-09-18,Spirits of the Dead,1968,https://letterboxd.com/film/spirits-of-the-dead/
2016-09-20,Embrace of the Serpent,2015,https://letterboxd.com/film/embrace-of-the-serpent/
2016-11-21,Green Room,2015,https://letterboxd.com/film/green-room/
2016-12-31,The Bad Seed,1956,https://letterboxd.com/film/the-bad-seed/
2017-01-13,Cheatin',2013,https://letterboxd.com/film/cheatin/
2017-01-13,Aquarius,2016,https://letterboxd.com/film/aquarius/
2017-02-09,Paterson,2016,https://letterboxd.com/film/paterson/
2017-03-04,Why Beauty Matters,2009,https://letterboxd.com/film/why-beauty-matters/
2017-05-07,A Dark Song,2016,https://letterboxd.com/film/a-dark-song/
2017-07-09,Okja,2017,https://letterboxd.com/film/okja/
2017-07-17,Dawn of the Planet of the Apes,2014,https://letterboxd.com/film/dawn-of-the-planet-of-the-apes/
2017-08-20,Masterminds,2016,https://letterboxd.com/film/masterminds-2016/
2017-10-28,Quatermass and the Pit,1967,https://letterboxd.com/film/quatermass-and-the-pit/
2017-11-08,Good Time,2017,https://letterboxd.com/film/good-time/
2017-11-18,Brimstone & Glory,2017,https://letterboxd.com/film/brimstone-glory/
2017-11-25,I Am Not a Serial Killer,2016,https://letterboxd.com/film/i-am-not-a-serial-killer/
2017-12-14,Phantom Thread,2017,https://letterboxd.com/film/phantom-thread/
2017-12-24,Early Man,2018,https://letterboxd.com/film/early-man/
2018-01-11,Coco,2017,https://letterboxd.com/film/coco-2017/
2018-01-11,The Florida Project,2017,https://letterboxd.com/film/the-florida-project/
2018-01-21,Elena,2012,https://letterboxd.com/film/elena-2012/
2018-01-21,Call Me by Your Name,2017,https://letterboxd.com/film/call-me-by-your-name/
2018-01-21,"I, Tonya",2017,https://letterboxd.com/film/i-tonya/
2018-01-21,World of Tomorrow Episode Two: The Burden of Other People's Thoughts,2017,https://letterboxd.com/film/world-of-tomorrow-episode-two-the-burden-of-other-peoples-thoughts/
2018-01-21,Kedi,2016,https://letterboxd.com/film/kedi-2016/
2018-03-15,You Were Never Really Here,2017,https://letterboxd.com/film/you-were-never-really-here/
2018-03-28,The Death of Stalin,2017,https://letterboxd.com/film/the-death-of-stalin/
2018-06-05,First Reformed,2017,https://letterboxd.com/film/first-reformed/
2018-06-05,The Tale,2018,https://letterboxd.com/film/the-tale/
2018-07-22,Horace and Pete,2016,https://letterboxd.com/film/horace-and-pete/
2018-08-02,Cape Fear,1962,https://letterboxd.com/film/cape-fear/
2018-09-12,Searching,2018,https://letterboxd.com/film/searching-2018/
2018-10-16,Wolfwalkers,2020,https://letterboxd.com/film/wolfwalkers/
2018-11-27,Diabolique,1955,https://letterboxd.com/film/diabolique-1955/
2018-12-11,Shoplifters,2018,https://letterboxd.com/film/shoplifters/
2019-01-09,Burning,2018,https://letterboxd.com/film/burning-2018/
2019-01-09,"Night Is Short, Walk on Girl",2017,https://letterboxd.com/film/night-is-short-walk-on-girl/
2019-01-09,Climax,2018,https://letterboxd.com/film/climax-2018/
2019-02-11,Horror Noire: A History of Black Horror,2019,https://letterboxd.com/film/horror-noire-a-history-of-black-horror/
2019-02-11,Carnival of Souls,1962,https://letterboxd.com/film/carnival-of-souls/
2019-02-16,Mr. Nobody,2009,https://letterboxd.com/film/mr-nobody/
2019-06-14,Chernobyl,2019,https://letterboxd.com/film/chernobyl/
2019-07-17,Surviving Edged Weapons,1988,https://letterboxd.com/film/surviving-edged-weapons/
2019-07-28,The Laplace's Demon,2017,https://letterboxd.com/film/the-laplaces-demon/
2019-12-22,The Phantom of Liberty,1974,https://letterboxd.com/film/the-phantom-of-liberty/
2019-12-22,Nazarin,1959,https://letterboxd.com/film/nazarin/
2019-12-22,Uncut Gems,2019,https://letterboxd.com/film/uncut-gems/
2019-12-25,Anatomy of a Murder,1959,https://letterboxd.com/film/anatomy-of-a-murder/
2020-01-16,La flor,2018,https://letterboxd.com/film/la-flor/
2020-01-21,El Camino: A Breaking Bad Movie,2019,https://letterboxd.com/film/el-camino-a-breaking-bad-movie/
2020-01-21,Jallikattu,2019,https://letterboxd.com/film/jallikattu/
2020-01-21,"Ruben Brandt, Collector",2018,https://letterboxd.com/film/ruben-brandt-collector/
2020-01-21,Tigers Are Not Afraid,2017,https://letterboxd.com/film/tigers-are-not-afraid/
2020-01-21,Diamantino,2018,https://letterboxd.com/film/diamantino-2018/
2020-01-22,The Killing of a Sacred Deer,2017,https://letterboxd.com/film/the-killing-of-a-sacred-deer/
2020-01-22,The Meyerowitz Stories (New and Selected),2017,https://letterboxd.com/film/the-meyerowitz-stories-new-and-selected/
2020-01-22,Twin Peaks: The Return,2017,https://letterboxd.com/film/twin-peaks-the-return/
2020-01-22,The Breadwinner,2017,https://letterboxd.com/film/the-breadwinner/
2020-01-22,The Favourite,2018,https://letterboxd.com/film/the-favourite/
2020-01-22,Eighth Grade,2018,https://letterboxd.com/film/eighth-grade/
2020-01-22,Mid90s,2018,https://letterboxd.com/film/mid90s/
2020-01-22,The Lighthouse,2019,https://letterboxd.com/film/the-lighthouse-2019/
2020-01-22,Marriage Story,2019,https://letterboxd.com/film/marriage-story-2019/
2020-01-22,Knives Out,2019,https://letterboxd.com/film/knives-out-2019/
2020-01-22,Once Upon a Time… in Hollywood,2019,https://letterboxd.com/film/once-upon-a-time-in-hollywood/
2020-01-22,Joker,2019,https://letterboxd.com/film/joker-2019/
2020-01-22,Booksmart,2019,https://letterboxd.com/film/booksmart/
2020-01-22,Toy Story 4,2019,https://letterboxd.com/film/toy-story-4/
2020-01-22,Jojo Rabbit,2019,https://letterboxd.com/film/jojo-rabbit/
2020-01-22,John Wick: Chapter 3 - Parabellum,2019,https://letterboxd.com/film/john-wick-chapter-3-parabellum/
2020-01-22,1917,2019,https://letterboxd.com/film/1917/
2020-01-22,The Farewell,2019,https://letterboxd.com/film/the-farewell-2019/
2020-01-22,Portrait of a Lady on Fire,2019,https://letterboxd.com/film/portrait-of-a-lady-on-fire/
2020-01-22,The Last Black Man in San Francisco,2019,https://letterboxd.com/film/the-last-black-man-in-san-francisco/
